Semaine;Chamonix (FR);Val Thorens (FR);Alpe d Huez (FR);Les Deux Alpes (FR);Tignes (FR);Les Arcs (FR);Les Ménuires (FR);Avoriaz (FR);La Plagne (FR);La Clusaz (FR);Morzine (FR);Châtel (FR);Les Gets (FR);Val Cenis (FR);Courchevel (FR);Serre Chevalier (FR);Samoëns (FR);Valloire (FR);Méribel (FR);Val d Isère (FR);Megève (FR);Vars (FR);Grand Bornand (FR);Font Romeu (FR);St Lary (FR);Barèges (FR);La Mongie (FR);Peyragudes (FR)
2019-01-06;53,00;5,00;5,00;0,00;0,00;10,00;0,00;0,00;5,00;0,00;5,00;0,00;0,00;0,00;14,00;5,00;0,00;0,00;0,00;0,00;5,00;0,00;0,00;0,00;0,00;0,00;0,00;0,00
2019-01-13;51,00;5,00;19,00;0,00;9,00;0,00;5,00;19,00;0,00;0,00;9,00;9,00;0,00;0,00;5,00;5,00;0,00;0,00;5,00;5,00;9,00;0,00;0,00;0,00;0,00;0,00;0,00;0,00
2019-01-20;33,00;5,00;14,00;0,00;5,00;5,00;0,00;14,00;0,00;5,00;5,00;0,00;9,00;0,00;23,00;0,00;0,00;0,00;5,00;14,00;5,00;0,00;0,00;0,00;0,00;0,00;0,00;0,00
2019-01-27;65,00;0,00;5,00;0,00;0,00;0,00;5,00;5,00;0,00;0,00;5,00;5,00;0,00;0,00;5,00;0,00;0,00;0,00;5,00;5,00;5,00;0,00;0,00;5,00;0,00;0,00;0,00;0,00
2019-02-03;59,00;4,00;4,00;4,00;4,00;4,00;0,00;9,00;0,00;0,00;9,00;0,00;0,00;0,00;13,00;0,00;0,00;0,00;4,00;0,00;0,00;4,00;0,00;0,00;0,00;0,00;0,00;0,00
2019-02-10;28,00;5,00;14,00;0,00;5,00;0,00;0,00;0,00;0,00;5,00;0,00;0,00;0,00;0,00;18,00;5,00;5,00;0,00;9,00;5,00;5,00;0,00;0,00;0,00;0,00;0,00;0,00;0,00
2019-02-17;46,00;0,00;0,00;0,00;14,00;5,00;0,00;5,00;0,00;0,00;9,00;5,00;0,00;0,00;9,00;9,00;0,00;0,00;9,00;14,00;5,00;0,00;0,00;0,00;0,00;0,00;0,00;0,00
2019-02-24;32,00;9,00;0,00;0,00;5,00;5,00;0,00;0,00;0,00;0,00;0,00;0,00;0,00;0,00;9,00;5,00;0,00;0,00;9,00;5,00;0,00;0,00;0,00;0,00;0,00;0,00;0,00;0,00
2019-03-03;42,00;0,00;28,00;0,00;0,00;0,00;0,00;0,00;0,00;0,00;0,00;0,00;0,00;0,00;0,00;5,00;0,00;0,00;0,00;5,00;9,00;0,00;0,00;0,00;0,00;0,00;0,00;0,00
2019-03-10;33,00;0,00;19,00;0,00;5,00;0,00;0,00;0,00;0,00;0,00;5,00;0,00;0,00;0,00;5,00;0,00;0,00;0,00;0,00;5,00;0,00;0,00;0,00;0,00;0,00;0,00;0,00;0,00
2019-03-17;48,00;0,00;0,00;0,00;5,00;0,00;0,00;0,00;0,00;0,00;5,00;0,00;0,00;0,00;5,00;0,00;0,00;0,00;0,00;5,00;0,00;0,00;0,00;0,00;0,00;0,00;0,00;0,00
2019-03-24;43,00;0,00;5,00;0,00;0,00;0,00;0,00;5,00;0,00;0,00;0,00;0,00;0,00;0,00;5,00;0,00;0,00;0,00;0,00;0,00;5,00;0,00;0,00;0,00;0,00;0,00;0,00;0,00
2019-03-31;38,00;0,00;0,00;0,00;5,00;0,00;0,00;0,00;0,00;5,00;0,00;0,00;0,00;0,00;10,00;0,00;5,00;0,00;5,00;0,00;0,00;0,00;0,00;0,00;0,00;0,00;0,00;0,00
2019-04-07;24,00;0,00;0,00;0,00;0,00;0,00;0,00;0,00;0,00;0,00;0,00;0,00;0,00;0,00;0,00;0,00;5,00;0,00;10,00;5,00;0,00;0,00;0,00;0,00;0,00;0,00;0,00;0,00
2019-04-14;45,00;0,00;0,00;0,00;0,00;0,00;0,00;0,00;0,00;0,00;5,00;0,00;0,00;0,00;0,00;0,00;0,00;0,00;0,00;5,00;0,00;0,00;0,00;0,00;0,00;0,00;0,00;0,00
2019-04-21;64,00;0,00;5,00;0,00;0,00;0,00;0,00;0,00;5,00;0,00;0,00;5,00;0,00;0,00;5,00;0,00;0,00;0,00;0,00;0,00;0,00;0,00;0,00;0,00;0,00;0,00;0,00;0,00
2019-04-28;33,00;0,00;0,00;0,00;5,00;5,00;0,00;0,00;0,00;0,00;0,00;0,00;5,00;0,00;0,00;0,00;0,00;0,00;0,00;5,00;5,00;0,00;0,00;0,00;0,00;0,00;0,00;0,00
2019-05-05;38,00;0,00;0,00;0,00;5,00;0,00;0,00;0,00;0,00;0,00;0,00;5,00;0,00;0,00;5,00;0,00;0,00;0,00;5,00;0,00;5,00;0,00;0,00;0,00;5,00;0,00;0,00;0,00
2019-05-12;29,00;0,00;5,00;0,00;0,00;0,00;0,00;0,00;0,00;0,00;0,00;0,00;0,00;0,00;0,00;0,00;0,00;0,00;0,00;0,00;0,00;0,00;0,00;0,00;0,00;0,00;0,00;0,00
2019-05-19;39,00;0,00;0,00;5,00;0,00;0,00;10,00;0,00;0,00;0,00;5,00;0,00;0,00;0,00;5,00;0,00;0,00;0,00;0,00;5,00;0,00;0,00;0,00;0,00;0,00;0,00;0,00;0,00
2019-05-26;45,00;0,00;10,00;5,00;0,00;0,00;0,00;0,00;0,00;10,00;0,00;0,00;0,00;0,00;0,00;0,00;0,00;0,00;5,00;0,00;5,00;0,00;0,00;0,00;0,00;0,00;0,00;0,00
2019-06-02;43,00;5,00;0,00;0,00;0,00;0,00;0,00;0,00;0,00;0,00;0,00;0,00;0,00;0,00;0,00;5,00;5,00;0,00;0,00;0,00;5,00;0,00;0,00;0,00;0,00;0,00;0,00;0,00
2019-06-09;24,00;0,00;5,00;0,00;0,00;5,00;0,00;0,00;0,00;0,00;10,00;0,00;5,00;0,00;5,00;0,00;0,00;0,00;0,00;5,00;15,00;0,00;0,00;0,00;0,00;0,00;0,00;0,00
2019-06-16;39,00;0,00;0,00;0,00;0,00;0,00;0,00;0,00;0,00;0,00;0,00;0,00;0,00;0,00;5,00;5,00;0,00;0,00;0,00;0,00;0,00;0,00;0,00;0,00;0,00;0,00;0,00;0,00
2019-06-23;40,00;0,00;0,00;5,00;15,00;0,00;0,00;0,00;0,00;0,00;5,00;0,00;0,00;0,00;5,00;5,00;0,00;0,00;0,00;5,00;5,00;0,00;0,00;0,00;0,00;0,00;0,00;0,00
2019-06-30;46,00;0,00;0,00;0,00;0,00;0,00;0,00;0,00;0,00;0,00;5,00;0,00;5,00;0,00;0,00;0,00;0,00;0,00;10,00;0,00;0,00;0,00;0,00;0,00;0,00;0,00;0,00;0,00
2019-07-07;39,00;0,00;10,00;5,00;0,00;0,00;0,00;0,00;0,00;0,00;0,00;0,00;15,00;0,00;10,00;0,00;0,00;0,00;5,00;5,00;5,00;0,00;0,00;5,00;0,00;0,00;0,00;0,00
2019-07-14;45,00;0,00;10,00;0,00;0,00;0,00;0,00;0,00;0,00;0,00;5,00;0,00;10,00;0,00;5,00;5,00;0,00;0,00;5,00;0,00;0,00;0,00;0,00;0,00;0,00;0,00;0,00;0,00
2019-07-21;35,00;5,00;10,00;0,00;15,00;0,00;0,00;0,00;0,00;0,00;5,00;0,00;0,00;0,00;5,00;0,00;0,00;5,00;5,00;0,00;0,00;0,00;0,00;0,00;0,00;0,00;0,00;0,00
2019-07-28;55,00;5,00;5,00;0,00;15,00;0,00;0,00;5,00;0,00;0,00;0,00;0,00;0,00;0,00;0,00;0,00;0,00;0,00;0,00;0,00;5,00;0,00;0,00;0,00;5,00;0,00;0,00;0,00
2019-08-04;29,00;0,00;0,00;0,00;5,00;0,00;5,00;10,00;14,00;0,00;0,00;0,00;0,00;0,00;5,00;0,00;5,00;0,00;5,00;0,00;0,00;0,00;0,00;0,00;0,00;0,00;0,00;0,00
2019-08-11;34,00;5,00;5,00;0,00;10,00;0,00;0,00;0,00;0,00;0,00;5,00;0,00;0,00;0,00;5,00;0,00;5,00;0,00;0,00;0,00;5,00;0,00;5,00;0,00;0,00;0,00;0,00;0,00
2019-08-18;53,00;5,00;0,00;0,00;5,00;10,00;5,00;0,00;0,00;0,00;5,00;0,00;0,00;0,00;10,00;0,00;0,00;0,00;0,00;0,00;0,00;0,00;5,00;0,00;0,00;0,00;0,00;0,00
2019-08-25;56,00;0,00;14,00;0,00;0,00;0,00;0,00;5,00;0,00;0,00;9,00;0,00;0,00;0,00;9,00;0,00;0,00;0,00;9,00;5,00;0,00;0,00;0,00;0,00;0,00;0,00;0,00;0,00
2019-09-01;45,00;0,00;5,00;5,00;13,00;4,00;0,00;4,00;0,00;0,00;9,00;0,00;0,00;4,00;9,00;0,00;0,00;0,00;0,00;0,00;0,00;0,00;0,00;4,00;0,00;0,00;0,00;0,00
2019-09-08;89,00;9,00;13,00;0,00;4,00;0,00;0,00;4,00;4,00;0,00;9,00;0,00;4,00;0,00;9,00;0,00;0,00;0,00;0,00;4,00;4,00;0,00;0,00;4,00;0,00;0,00;0,00;0,00
2019-09-15;53,00;9,00;18,00;4,00;9,00;4,00;0,00;0,00;0,00;0,00;22,00;0,00;0,00;0,00;13,00;0,00;0,00;0,00;9,00;13,00;0,00;9,00;0,00;0,00;0,00;0,00;0,00;0,00
2019-09-22;41,00;5,00;9,00;0,00;5,00;0,00;0,00;0,00;0,00;0,00;23,00;0,00;9,00;0,00;0,00;0,00;0,00;0,00;0,00;0,00;13,00;0,00;0,00;0,00;0,00;0,00;0,00;0,00
2019-09-29;36,00;4,00;13,00;0,00;4,00;4,00;0,00;0,00;0,00;4,00;4,00;0,00;4,00;0,00;4,00;0,00;0,00;0,00;9,00;9,00;0,00;9,00;4,00;0,00;0,00;0,00;0,00;0,00
2019-10-06;59,00;0,00;5,00;9,00;9,00;5,00;0,00;0,00;0,00;0,00;9,00;0,00;0,00;0,00;14,00;0,00;0,00;5,00;0,00;5,00;0,00;0,00;0,00;5,00;5,00;0,00;0,00;5,00
2019-10-13;54,00;13,00;4,00;0,00;4,00;4,00;4,00;0,00;0,00;4,00;0,00;0,00;0,00;0,00;0,00;0,00;0,00;0,00;13,00;4,00;0,00;0,00;0,00;0,00;0,00;0,00;0,00;0,00
2019-10-20;57,00;4,00;0,00;0,00;4,00;9,00;0,00;0,00;0,00;0,00;4,00;0,00;0,00;0,00;9,00;4,00;4,00;4,00;0,00;4,00;0,00;0,00;0,00;0,00;0,00;0,00;0,00;0,00
2019-10-27;71,00;0,00;4,00;0,00;9,00;0,00;0,00;4,00;4,00;0,00;4,00;0,00;4,00;0,00;13,00;0,00;4,00;0,00;13,00;0,00;4,00;0,00;0,00;0,00;9,00;0,00;0,00;0,00
2019-11-03;44,00;13,00;13,00;0,00;9,00;9,00;0,00;0,00;0,00;4,00;0,00;0,00;0,00;0,00;9,00;0,00;0,00;0,00;17,00;4,00;0,00;0,00;0,00;4,00;4,00;0,00;0,00;0,00
2019-11-10;35,00;0,00;4,00;4,00;9,00;9,00;0,00;0,00;0,00;0,00;13,00;4,00;0,00;0,00;9,00;4,00;0,00;0,00;4,00;4,00;4,00;0,00;0,00;9,00;0,00;0,00;0,00;0,00
2019-11-17;39,00;4,00;4,00;0,00;9,00;4,00;0,00;4,00;4,00;4,00;9,00;0,00;0,00;0,00;9,00;0,00;4,00;0,00;9,00;9,00;17,00;0,00;4,00;4,00;0,00;0,00;0,00;0,00
2019-11-24;55,00;5,00;9,00;0,00;0,00;5,00;0,00;5,00;0,00;5,00;18,00;0,00;0,00;0,00;5,00;0,00;0,00;0,00;5,00;0,00;0,00;0,00;0,00;0,00;5,00;0,00;0,00;0,00
2019-12-01;52,00;0,00;17,00;4,00;0,00;0,00;0,00;9,00;4,00;0,00;4,00;4,00;4,00;0,00;30,00;4,00;0,00;0,00;13,00;4,00;4,00;0,00;0,00;4,00;0,00;0,00;4,00;0,00
2019-12-08;91,00;22,00;17,00;4,00;0,00;9,00;0,00;0,00;4,00;0,00;4,00;0,00;0,00;0,00;13,00;4,00;0,00;0,00;9,00;17,00;9,00;0,00;0,00;0,00;0,00;0,00;0,00;0,00
2019-12-15;63,00;14,00;0,00;0,00;14,00;0,00;0,00;0,00;4,00;4,00;9,00;0,00;9,00;0,00;9,00;0,00;4,00;0,00;9,00;0,00;4,00;0,00;5,00;9,00;0,00;0,00;0,00;0,00
2019-12-22;70,00;0,00;15,00;5,00;15,00;25,00;5,00;5,00;0,00;25,00;0,00;5,00;0,00;0,00;10,00;0,00;0,00;0,00;5,00;15,00;15,00;0,00;0,00;5,00;0,00;0,00;0,00;0,00
2019-12-29;60,00;5,00;14,00;5,00;18,00;5,00;0,00;5,00;0,00;9,00;9,00;0,00;5,00;0,00;9,00;0,00;0,00;5,00;0,00;0,00;9,00;0,00;0,00;0,00;0,00;0,00;0,00;0,00
2020-01-05;65,00;22,00;0,00;4,00;4,00;13,00;4,00;4,00;0,00;17,00;9,00;4,00;4,00;0,00;13,00;9,00;4,00;0,00;13,00;4,00;9,00;4,00;0,00;4,00;0,00;0,00;0,00;0,00
2020-01-12;86,00;8,00;0,00;8,00;0,00;0,00;4,00;8,00;0,00;12,00;4,00;4,00;8,00;4,00;8,00;0,00;8,00;4,00;8,00;4,00;4,00;0,00;8,00;0,00;0,00;0,00;0,00;0,00
2020-01-19;72,00;4,00;4,00;8,00;17,00;17,00;4,00;8,00;4,00;4,00;13,00;0,00;21,00;0,00;13,00;4,00;13,00;0,00;8,00;4,00;17,00;0,00;0,00;8,00;0,00;0,00;0,00;0,00
2020-01-26;100,00;17,00;17,00;17,00;4,00;8,00;0,00;4,00;0,00;0,00;21,00;0,00;8,00;0,00;0,00;0,00;4,00;0,00;0,00;21,00;4,00;0,00;0,00;8,00;0,00;0,00;4,00;0,00
2020-02-02;58,00;4,00;17,00;0,00;12,00;0,00;8,00;0,00;0,00;8,00;0,00;4,00;4,00;0,00;21,00;0,00;0,00;0,00;0,00;8,00;8,00;0,00;0,00;0,00;0,00;0,00;0,00;0,00
2020-02-09;29,00;8,00;0,00;4,00;8,00;4,00;4,00;0,00;0,00;8,00;17,00;0,00;17,00;0,00;13,00;4,00;0,00;0,00;0,00;4,00;13,00;0,00;0,00;0,00;0,00;0,00;8,00;0,00
2020-02-16;59,00;8,00;0,00;0,00;4,00;17,00;8,00;4,00;4,00;4,00;0,00;0,00;4,00;0,00;25,00;4,00;4,00;0,00;13,00;4,00;25,00;0,00;4,00;0,00;0,00;0,00;0,00;0,00
2020-02-23;53,00;20,00;8,00;8,00;20,00;0,00;0,00;4,00;8,00;12,00;4,00;0,00;8,00;0,00;8,00;4,00;4,00;4,00;16,00;12,00;8,00;0,00;8,00;4,00;0,00;0,00;0,00;0,00
2020-03-01;44,00;8,00;8,00;0,00;4,00;4,00;0,00;4,00;0,00;4,00;12,00;0,00;8,00;0,00;4,00;0,00;0,00;0,00;8,00;4,00;8,00;0,00;0,00;0,00;0,00;0,00;4,00;0,00
2020-03-08;52,00;4,00;8,00;0,00;12,00;0,00;0,00;8,00;0,00;0,00;12,00;0,00;0,00;0,00;20,00;0,00;4,00;0,00;8,00;8,00;0,00;0,00;0,00;4,00;0,00;0,00;0,00;4,00
2020-03-15;32,00;8,00;4,00;0,00;0,00;12,00;4,00;0,00;0,00;4,00;8,00;4,00;8,00;0,00;4,00;0,00;0,00;0,00;12,00;4,00;0,00;0,00;0,00;0,00;0,00;0,00;0,00;0,00
2020-03-22;31,00;16,00;16,00;0,00;4,00;12,00;0,00;4,00;0,00;4,00;4,00;4,00;0,00;0,00;12,00;0,00;0,00;0,00;4,00;4,00;4,00;0,00;0,00;8,00;0,00;0,00;4,00;0,00
2020-03-29;53,00;11,00;11,00;0,00;11,00;4,00;0,00;0,00;0,00;0,00;4,00;4,00;0,00;0,00;4,00;0,00;0,00;0,00;4,00;4,00;0,00;0,00;0,00;0,00;0,00;0,00;0,00;0,00
2020-04-05;27,00;0,00;23,00;0,00;4,00;4,00;0,00;8,00;4,00;4,00;4,00;0,00;0,00;4,00;4,00;4,00;4,00;0,00;4,00;4,00;8,00;0,00;4,00;4,00;0,00;0,00;4,00;0,00
2020-04-12;19,00;4,00;7,00;0,00;4,00;11,00;0,00;4,00;0,00;4,00;7,00;0,00;4,00;4,00;0,00;4,00;7,00;0,00;11,00;4,00;7,00;0,00;4,00;0,00;0,00;4,00;4,00;0,00
2020-04-19;44,00;11,00;7,00;7,00;15,00;4,00;0,00;4,00;4,00;7,00;11,00;0,00;7,00;0,00;7,00;0,00;4,00;0,00;4,00;4,00;7,00;0,00;0,00;7,00;0,00;4,00;0,00;0,00
2020-04-26;33,00;4,00;7,00;7,00;0,00;4,00;0,00;0,00;0,00;7,00;4,00;0,00;4,00;0,00;7,00;0,00;0,00;0,00;11,00;4,00;0,00;4,00;4,00;7,00;0,00;0,00;0,00;0,00
2020-05-03;22,00;15,00;11,00;0,00;7,00;0,00;0,00;0,00;0,00;4,00;11,00;0,00;11,00;0,00;0,00;0,00;0,00;0,00;0,00;7,00;0,00;0,00;0,00;0,00;0,00;0,00;0,00;0,00
2020-05-10;23,00;4,00;4,00;0,00;15,00;4,00;4,00;0,00;4,00;4,00;11,00;0,00;11,00;0,00;8,00;0,00;0,00;4,00;4,00;8,00;8,00;0,00;0,00;0,00;0,00;0,00;0,00;0,00
2020-05-17;53,00;11,00;8,00;11,00;15,00;4,00;4,00;4,00;0,00;0,00;4,00;4,00;11,00;0,00;8,00;0,00;0,00;4,00;0,00;11,00;8,00;0,00;0,00;4,00;0,00;0,00;0,00;0,00
2020-05-24;28,00;8,00;20,00;0,00;4,00;4,00;0,00;4,00;4,00;8,00;12,00;0,00;0,00;0,00;8,00;0,00;0,00;4,00;12,00;8,00;4,00;0,00;0,00;0,00;4,00;0,00;0,00;0,00
2020-05-31;26,00;4,00;11,00;4,00;4,00;4,00;8,00;4,00;0,00;0,00;4,00;4,00;0,00;0,00;4,00;4,00;0,00;4,00;4,00;4,00;8,00;0,00;0,00;0,00;0,00;0,00;0,00;0,00
2020-06-07;31,00;8,00;12,00;0,00;4,00;0,00;8,00;8,00;4,00;4,00;4,00;0,00;4,00;0,00;0,00;0,00;4,00;0,00;4,00;0,00;4,00;0,00;0,00;8,00;0,00;0,00;0,00;0,00
2020-06-14;60,00;4,00;12,00;4,00;8,00;4,00;0,00;8,00;0,00;8,00;4,00;0,00;4,00;4,00;0,00;4,00;8,00;0,00;4,00;12,00;0,00;0,00;0,00;0,00;0,00;0,00;0,00;0,00
2020-06-21;20,00;16,00;12,00;12,00;12,00;0,00;0,00;0,00;0,00;8,00;12,00;4,00;0,00;0,00;8,00;0,00;4,00;0,00;12,00;8,00;0,00;0,00;0,00;0,00;4,00;0,00;0,00;0,00
2020-06-28;25,00;13,00;17,00;8,00;4,00;4,00;8,00;4,00;4,00;8,00;4,00;0,00;8,00;0,00;17,00;0,00;4,00;4,00;0,00;0,00;4,00;0,00;4,00;13,00;0,00;0,00;0,00;0,00
2020-07-05;34,00;13,00;8,00;8,00;21,00;0,00;0,00;4,00;0,00;0,00;8,00;8,00;8,00;0,00;13,00;4,00;0,00;0,00;0,00;4,00;4,00;0,00;0,00;0,00;0,00;0,00;0,00;0,00
2020-07-12;42,00;8,00;13,00;17,00;4,00;4,00;8,00;0,00;0,00;0,00;25,00;0,00;8,00;0,00;12,00;8,00;0,00;0,00;0,00;0,00;4,00;0,00;0,00;4,00;4,00;0,00;4,00;0,00
2020-07-19;38,00;4,00;29,00;4,00;0,00;4,00;13,00;8,00;0,00;4,00;4,00;4,00;0,00;0,00;13,00;0,00;0,00;0,00;8,00;0,00;4,00;0,00;0,00;8,00;0,00;0,00;0,00;0,00
2020-07-26;25,00;13,00;13,00;8,00;8,00;0,00;4,00;0,00;0,00;0,00;4,00;0,00;21,00;0,00;8,00;0,00;4,00;4,00;4,00;21,00;13,00;4,00;0,00;13,00;0,00;0,00;0,00;0,00
2020-08-02;58,00;0,00;8,00;8,00;17,00;0,00;0,00;4,00;0,00;4,00;25,00;0,00;8,00;0,00;17,00;0,00;12,00;4,00;0,00;0,00;0,00;4,00;0,00;0,00;0,00;0,00;0,00;0,00
2020-08-09;38,00;25,00;0,00;8,00;25,00;8,00;4,00;4,00;0,00;12,00;13,00;0,00;4,00;0,00;8,00;8,00;0,00;0,00;8,00;4,00;0,00;0,00;0,00;8,00;0,00;0,00;0,00;0,00
2020-08-16;62,00;4,00;0,00;4,00;8,00;8,00;0,00;4,00;0,00;4,00;4,00;0,00;4,00;0,00;16,00;0,00;0,00;0,00;4,00;0,00;8,00;0,00;4,00;0,00;0,00;0,00;0,00;0,00
2020-08-23;28,00;12,00;20,00;4,00;0,00;0,00;8,00;0,00;4,00;8,00;8,00;0,00;4,00;0,00;20,00;0,00;8,00;4,00;12,00;8,00;12,00;0,00;0,00;0,00;0,00;0,00;0,00;0,00
2020-08-30;32,00;8,00;16,00;8,00;12,00;4,00;0,00;0,00;0,00;8,00;12,00;0,00;4,00;0,00;8,00;0,00;0,00;8,00;12,00;0,00;4,00;0,00;0,00;0,00;0,00;0,00;0,00;0,00
2020-09-06;32,00;8,00;12,00;8,00;8,00;8,00;0,00;4,00;4,00;4,00;4,00;0,00;8,00;0,00;12,00;0,00;0,00;0,00;0,00;4,00;8,00;0,00;0,00;4,00;4,00;0,00;0,00;0,00
2020-09-13;16,00;16,00;4,00;0,00;8,00;0,00;0,00;4,00;0,00;12,00;0,00;0,00;8,00;4,00;16,00;0,00;0,00;4,00;39,00;8,00;4,00;4,00;0,00;4,00;0,00;0,00;0,00;0,00
2020-09-20;48,00;12,00;12,00;4,00;8,00;0,00;4,00;0,00;0,00;12,00;8,00;0,00;4,00;0,00;20,00;0,00;0,00;0,00;16,00;0,00;4,00;0,00;8,00;0,00;4,00;0,00;0,00;0,00
2020-09-27;29,00;4,00;17,00;0,00;4,00;0,00;0,00;0,00;0,00;8,00;13,00;0,00;0,00;0,00;21,00;4,00;0,00;0,00;8,00;21,00;0,00;8,00;0,00;4,00;0,00;0,00;0,00;0,00
2020-10-04;30,00;13,00;17,00;4,00;13,00;4,00;0,00;4,00;0,00;0,00;9,00;4,00;9,00;0,00;0,00;0,00;4,00;0,00;9,00;0,00;0,00;0,00;9,00;0,00;0,00;0,00;0,00;0,00
2020-10-11;46,00;14,00;9,00;9,00;5,00;18,00;5,00;9,00;0,00;5,00;28,00;0,00;0,00;0,00;0,00;0,00;0,00;0,00;9,00;0,00;0,00;0,00;0,00;0,00;0,00;0,00;0,00;0,00
2020-10-18;24,00;14,00;9,00;0,00;19,00;9,00;5,00;9,00;5,00;14,00;19,00;5,00;0,00;0,00;19,00;5,00;0,00;0,00;5,00;5,00;0,00;5,00;0,00;0,00;5,00;0,00;0,00;0,00
2020-10-25;33,00;42,00;19,00;5,00;14,00;5,00;0,00;5,00;0,00;0,00;23,00;0,00;14,00;5,00;0,00;0,00;0,00;5,00;5,00;0,00;9,00;5,00;0,00;0,00;0,00;0,00;0,00;0,00
2020-11-01;50,00;12,00;16,00;8,00;12,00;8,00;4,00;8,00;4,00;0,00;0,00;8,00;8,00;0,00;12,00;4,00;0,00;0,00;12,00;4,00;0,00;0,00;8,00;8,00;0,00;0,00;0,00;0,00
2020-11-08;31,00;0,00;9,00;0,00;13,00;0,00;0,00;9,00;0,00;9,00;4,00;0,00;9,00;0,00;13,00;0,00;4,00;0,00;9,00;9,00;9,00;4,00;4,00;4,00;0,00;0,00;4,00;0,00
2020-11-15;56,00;19,00;5,00;0,00;9,00;5,00;5,00;0,00;0,00;5,00;14,00;0,00;5,00;0,00;9,00;0,00;0,00;0,00;0,00;14,00;9,00;0,00;0,00;0,00;0,00;0,00;0,00;0,00
2020-11-22;29,00;14,00;5,00;5,00;10,00;5,00;5,00;5,00;0,00;5,00;5,00;0,00;0,00;0,00;5,00;0,00;5,00;0,00;0,00;9,00;0,00;0,00;0,00;0,00;0,00;0,00;0,00;0,00
2020-11-29;40,00;9,00;9,00;4,00;0,00;4,00;0,00;4,00;0,00;9,00;4,00;0,00;0,00;0,00;9,00;4,00;0,00;0,00;9,00;4,00;22,00;0,00;4,00;0,00;0,00;0,00;0,00;0,00
2020-12-06;54,00;5,00;9,00;9,00;5,00;0,00;0,00;0,00;5,00;0,00;5,00;5,00;5,00;0,00;23,00;9,00;0,00;0,00;0,00;0,00;5,00;0,00;0,00;5,00;0,00;0,00;0,00;0,00
2020-12-13;37,00;14,00;5,00;0,00;9,00;0,00;0,00;5,00;0,00;5,00;14,00;5,00;9,00;0,00;23,00;0,00;5,00;0,00;9,00;14,00;0,00;0,00;5,00;0,00;0,00;0,00;0,00;0,00
2020-12-20;44,00;15,00;15,00;10,00;10,00;0,00;5,00;5,00;10,00;10,00;0,00;5,00;0,00;0,00;10,00;0,00;5,00;0,00;10,00;10,00;5,00;0,00;5,00;0,00;0,00;0,00;0,00;0,00
2020-12-27;57,00;5,00;9,00;5,00;0,00;9,00;14,00;5,00;0,00;0,00;5,00;9,00;0,00;0,00;9,00;0,00;5,00;0,00;0,00;0,00;9,00;0,00;5,00;0,00;0,00;0,00;0,00;0,00
2021-01-03;53,00;22,00;13,00;0,00;9,00;4,00;4,00;0,00;0,00;4,00;9,00;4,00;9,00;9,00;13,00;0,00;4,00;0,00;13,00;0,00;13,00;0,00;0,00;0,00;0,00;0,00;0,00;0,00
2021-01-10;71,00;13,00;18,00;9,00;9,00;0,00;0,00;0,00;0,00;0,00;4,00;0,00;4,00;0,00;13,00;0,00;0,00;0,00;18,00;18,00;0,00;0,00;0,00;4,00;4,00;0,00;0,00;0,00
2021-01-17;45,00;9,00;22,00;0,00;18,00;0,00;4,00;0,00;4,00;4,00;4,00;0,00;0,00;0,00;9,00;0,00;0,00;0,00;9,00;4,00;9,00;0,00;0,00;0,00;0,00;0,00;5,00;0,00
2021-01-24;49,00;9,00;13,00;9,00;13,00;0,00;4,00;9,00;0,00;0,00;13,00;0,00;0,00;4,00;4,00;0,00;4,00;4,00;9,00;9,00;4,00;0,00;4,00;0,00;0,00;0,00;4,00;0,00
2021-01-31;76,00;22,00;22,00;9,00;27,00;9,00;0,00;0,00;0,00;0,00;9,00;0,00;9,00;0,00;4,00;4,00;0,00;0,00;9,00;9,00;4,00;4,00;0,00;0,00;0,00;0,00;5,00;0,00
2021-02-07;54,00;9,00;4,00;4,00;4,00;13,00;4,00;0,00;4,00;0,00;5,00;0,00;0,00;0,00;9,00;0,00;4,00;4,00;4,00;0,00;13,00;0,00;0,00;0,00;0,00;0,00;0,00;0,00
2021-02-14;55,00;14,00;14,00;9,00;9,00;5,00;9,00;18,00;0,00;0,00;5,00;5,00;5,00;0,00;5,00;0,00;0,00;0,00;5,00;14,00;0,00;0,00;5,00;0,00;0,00;0,00;5,00;0,00
2021-02-21;41,00;5,00;9,00;0,00;0,00;9,00;5,00;0,00;0,00;9,00;5,00;5,00;9,00;0,00;14,00;0,00;0,00;0,00;0,00;0,00;9,00;0,00;0,00;0,00;0,00;0,00;0,00;0,00
2021-02-28;50,00;0,00;0,00;0,00;0,00;0,00;9,00;0,00;0,00;5,00;5,00;0,00;0,00;5,00;9,00;0,00;5,00;0,00;9,00;0,00;0,00;0,00;0,00;9,00;0,00;0,00;0,00;0,00
2021-03-07;49,00;9,00;13,00;9,00;0,00;0,00;0,00;0,00;0,00;0,00;5,00;14,00;5,00;4,00;4,00;0,00;0,00;0,00;4,00;9,00;13,00;0,00;0,00;0,00;0,00;0,00;0,00;0,00
2021-03-14;51,00;17,00;13,00;4,00;4,00;8,00;4,00;4,00;0,00;4,00;4,00;4,00;9,00;0,00;4,00;0,00;0,00;0,00;8,00;0,00;8,00;0,00;0,00;8,00;0,00;0,00;0,00;0,00
2021-03-21;85,00;4,00;0,00;0,00;4,00;4,00;4,00;0,00;9,00;4,00;0,00;0,00;4,00;0,00;18,00;4,00;0,00;0,00;0,00;18,00;9,00;4,00;0,00;4,00;4,00;5,00;0,00;0,00
2021-03-28;60,00;14,00;5,00;0,00;14,00;18,00;5,00;5,00;0,00;9,00;14,00;5,00;9,00;0,00;9,00;0,00;0,00;0,00;5,00;9,00;18,00;0,00;0,00;5,00;0,00;0,00;0,00;0,00
2021-04-04;69,00;14,00;9,00;5,00;5,00;0,00;0,00;0,00;14,00;18,00;9,00;9,00;0,00;5,00;9,00;5,00;9,00;0,00;5,00;18,00;9,00;5,00;0,00;0,00;5,00;5,00;0,00;0,00
2021-04-11;18,00;9,00;5,00;5,00;18,00;9,00;0,00;5,00;0,00;9,00;5,00;5,00;0,00;0,00;18,00;0,00;14,00;5,00;9,00;9,00;5,00;14,00;0,00;0,00;5,00;0,00;0,00;0,00
2021-04-18;28,00;14,00;5,00;5,00;9,00;9,00;14,00;5,00;5,00;14,00;0,00;0,00;0,00;0,00;19,00;14,00;5,00;0,00;9,00;5,00;5,00;5,00;0,00;5,00;5,00;5,00;0,00;0,00
2021-04-25;68,00;5,00;5,00;5,00;23,00;14,00;9,00;0,00;0,00;5,00;5,00;14,00;14,00;0,00;5,00;9,00;5,00;5,00;5,00;9,00;5,00;0,00;5,00;0,00;0,00;0,00;5,00;0,00
2021-05-02;46,00;5,00;9,00;9,00;9,00;5,00;5,00;0,00;14,00;14,00;9,00;0,00;0,00;5,00;23,00;9,00;5,00;5,00;18,00;0,00;18,00;0,00;5,00;0,00;0,00;0,00;0,00;0,00
2021-05-09;42,00;28,00;9,00;5,00;19,00;5,00;9,00;5,00;5,00;0,00;5,00;5,00;14,00;0,00;9,00;0,00;5,00;0,00;14,00;5,00;14,00;5,00;14,00;5,00;0,00;5,00;0,00;0,00
2021-05-16;51,00;19,00;9,00;14,00;9,00;0,00;5,00;9,00;5,00;5,00;14,00;0,00;14,00;0,00;9,00;5,00;5,00;0,00;0,00;5,00;9,00;5,00;5,00;0,00;0,00;0,00;0,00;0,00
2021-05-23;57,00;10,00;29,00;0,00;5,00;5,00;5,00;0,00;5,00;5,00;19,00;0,00;0,00;0,00;19,00;9,00;0,00;5,00;9,00;14,00;5,00;0,00;0,00;5,00;0,00;0,00;0,00;0,00
2021-05-30;33,00;5,00;5,00;9,00;9,00;5,00;0,00;5,00;9,00;0,00;0,00;0,00;0,00;0,00;9,00;5,00;0,00;0,00;5,00;9,00;5,00;0,00;0,00;0,00;0,00;0,00;0,00;0,00
2021-06-06;74,00;14,00;9,00;0,00;14,00;9,00;0,00;5,00;5,00;5,00;19,00;0,00;9,00;0,00;19,00;14,00;0,00;0,00;5,00;0,00;5,00;0,00;5,00;0,00;5,00;0,00;0,00;0,00
2021-06-13;42,00;5,00;5,00;5,00;18,00;0,00;5,00;9,00;0,00;0,00;5,00;0,00;9,00;0,00;14,00;9,00;0,00;0,00;9,00;5,00;14,00;0,00;0,00;0,00;5,00;0,00;0,00;0,00
2021-06-20;38,00;14,00;5,00;24,00;0,00;0,00;9,00;0,00;9,00;5,00;0,00;19,00;5,00;0,00;9,00;9,00;5,00;0,00;0,00;0,00;5,00;0,00;0,00;0,00;5,00;0,00;0,00;0,00
2021-06-27;47,00;5,00;5,00;9,00;9,00;0,00;5,00;0,00;0,00;0,00;5,00;0,00;14,00;5,00;9,00;5,00;0,00;0,00;9,00;0,00;5,00;0,00;0,00;0,00;0,00;0,00;0,00;0,00
2021-07-04;67,00;5,00;24,00;10,00;19,00;0,00;0,00;0,00;5,00;0,00;10,00;0,00;14,00;0,00;14,00;14,00;0,00;0,00;5,00;5,00;9,00;5,00;5,00;10,00;5,00;0,00;0,00;0,00
2021-07-11;47,00;9,00;9,00;14,00;9,00;14,00;0,00;0,00;0,00;0,00;14,00;0,00;5,00;0,00;14,00;0,00;5,00;5,00;9,00;0,00;0,00;9,00;0,00;5,00;0,00;0,00;0,00;0,00
2021-07-18;24,00;5,00;19,00;9,00;0,00;9,00;5,00;0,00;5,00;9,00;0,00;5,00;9,00;0,00;9,00;0,00;5,00;5,00;0,00;9,00;5,00;0,00;5,00;0,00;0,00;0,00;0,00;0,00
2021-07-25;38,00;0,00;9,00;5,00;9,00;0,00;0,00;0,00;5,00;0,00;5,00;0,00;0,00;0,00;19,00;5,00;5,00;0,00;5,00;5,00;0,00;5,00;0,00;5,00;0,00;0,00;0,00;0,00
2021-08-01;52,00;5,00;5,00;0,00;5,00;9,00;0,00;5,00;5,00;0,00;9,00;5,00;24,00;0,00;14,00;5,00;0,00;0,00;9,00;9,00;5,00;0,00;0,00;0,00;0,00;5,00;0,00;0,00
2021-08-08;24,00;0,00;0,00;10,00;9,00;5,00;0,00;0,00;0,00;0,00;0,00;0,00;0,00;0,00;24,00;9,00;5,00;0,00;0,00;5,00;0,00;5,00;5,00;5,00;0,00;0,00;0,00;0,00
2021-08-15;61,00;0,00;33,00;5,00;9,00;5,00;9,00;5,00;9,00;9,00;19,00;9,00;19,00;0,00;14,00;0,00;5,00;0,00;5,00;5,00;5,00;0,00;0,00;0,00;0,00;0,00;0,00;0,00
2021-08-22;38,00;5,00;5,00;0,00;5,00;9,00;9,00;0,00;5,00;5,00;10,00;5,00;0,00;5,00;24,00;5,00;5,00;5,00;0,00;14,00;9,00;0,00;0,00;0,00;9,00;5,00;0,00;0,00
2021-08-29;57,00;5,00;5,00;14,00;5,00;10,00;5,00;5,00;0,00;5,00;14,00;5,00;5,00;0,00;19,00;5,00;5,00;0,00;14,00;0,00;10,00;0,00;0,00;5,00;0,00;0,00;0,00;0,00
2021-09-05;51,00;5,00;15,00;0,00;0,00;5,00;0,00;15,00;5,00;0,00;5,00;0,00;0,00;10,00;20,00;0,00;0,00;5,00;20,00;0,00;10,00;0,00;0,00;0,00;0,00;0,00;5,00;0,00
2021-09-12;44,00;5,00;10,00;0,00;5,00;0,00;0,00;5,00;0,00;5,00;10,00;5,00;5,00;0,00;24,00;5,00;15,00;0,00;15,00;0,00;15,00;0,00;0,00;5,00;5,00;0,00;0,00;0,00
2021-09-19;49,00;5,00;15,00;5,00;20,00;5,00;5,00;10,00;0,00;5,00;0,00;0,00;0,00;0,00;25,00;5,00;10,00;0,00;15,00;5,00;0,00;5,00;0,00;0,00;5,00;0,00;5,00;0,00
2021-09-26;44,00;10,00;0,00;0,00;5,00;0,00;5,00;0,00;5,00;10,00;5,00;5,00;5,00;0,00;19,00;5,00;0,00;0,00;0,00;0,00;5,00;0,00;0,00;0,00;10,00;0,00;0,00;0,00
2021-10-03;44,00;5,00;10,00;0,00;5,00;10,00;5,00;5,00;15,00;5,00;5,00;0,00;10,00;5,00;20,00;15,00;10,00;0,00;10,00;15,00;15,00;15,00;0,00;0,00;5,00;0,00;0,00;0,00
2021-10-10;94,00;10,00;5,00;0,00;5,00;10,00;5,00;0,00;10,00;0,00;25,00;5,00;0,00;0,00;20,00;10,00;0,00;0,00;5,00;15,00;5,00;5,00;0,00;5,00;5,00;0,00;0,00;5,00
2021-10-17;40,00;5,00;20,00;10,00;10,00;10,00;5,00;5,00;0,00;30,00;0,00;10,00;5,00;0,00;20,00;15,00;0,00;0,00;5,00;5,00;10,00;5,00;5,00;10,00;0,00;0,00;0,00;0,00
2021-10-24;63,00;15,00;5,00;0,00;24,00;5,00;19,00;0,00;5,00;10,00;10,00;10,00;0,00;0,00;24,00;5,00;10,00;0,00;0,00;15,00;10,00;5,00;15,00;15,00;0,00;0,00;0,00;0,00
2021-10-31;35,00;10,00;25,00;10,00;15,00;10,00;0,00;10,00;0,00;5,00;25,00;0,00;10,00;0,00;5,00;5,00;0,00;0,00;10,00;5,00;0,00;0,00;5,00;5,00;5,00;0,00;0,00;0,00
2021-11-07;34,00;11,00;0,00;6,00;23,00;0,00;6,00;0,00;0,00;0,00;11,00;0,00;6,00;0,00;11,00;6,00;6,00;0,00;6,00;11,00;6,00;6,00;6,00;6,00;0,00;0,00;0,00;0,00
