Semaine;Nice (FR);Mallorca (ES);Benidorm (ES);reta (SI);Agadir (MA);Ibiza (ES);Djerba (TN);Lloret de Mar (ES);Corfu (GR);Santorini Island (GR);Marbella (ES);Faro (PT);Málaga (ES);Bodrum (TR);Mykonos (GR);Biarritz (FR);Ars en Ré (FR);Saint Malo (FR);Le Cap d Agde (FR);Cefalù (IT);Fréjus (FR);Amalfi (IT);Cannes (FR);Dubrovnik (HR);Antibes (FR);Le Touquet (BE);Torremolinos (ES);Le Barcarès (FR);Deauville (FR);Portofino (IT);Porto Vecchio (FR);Lacanau (FR);Palavas les Flots (FR);Sitges (ES);Argelès sur Mer (FR);Carnac (FR);Arcachon (FR);Le Grau du Roi (FR);Cap Ferret (FR);Biscarrosse (FR);La Baule Escoublac (FR);Saint Jean de Monts (FR);Plage de la Palmyre (FR)
2019-01-06;39,00;110,84;94,42;0,00;51,32;48,10;48,10;26,00;42,90;22,00;18,00;4,00;31,00;22,00;22,00;4,00;22,00;4,00;26,00;4,00;17,00;9,00;4,00;26,00;9,00;0,00;9,00;4,00;4,00;0,00;4,00;0,00;0,00;0,00;0,00;0,00;0,00;0,00;0,00;0,00;0,00;0,00;0,00
2019-01-13;48,00;104,35;25,04;0,00;43,83;51,89;51,89;16,86;48,00;31,00;13,00;18,00;44,00;18,00;4,00;4,00;4,00;4,00;18,00;4,00;9,00;9,00;0,00;31,00;13,00;0,00;0,00;4,00;0,00;4,00;4,00;0,00;0,00;0,00;0,00;0,00;4,00;0,00;0,00;0,00;0,00;0,00;0,00
2019-01-20;25,00;75,00;54,17;4,17;20,83;47,37;42,11;25,00;42,11;51,00;17,00;34,00;64,00;17,00;4,00;17,00;8,00;8,00;4,00;4,00;8,00;8,00;8,00;30,00;4,00;4,00;4,00;8,00;0,00;0,00;0,00;8,00;0,00;0,00;0,00;0,00;0,00;0,00;0,00;0,00;0,00;0,00;0,00
2019-01-27;8,00;56,00;44,00;4,00;44,00;56,00;34,67;38,67;34,67;25,00;17,00;13,00;42,00;42,00;8,00;13,00;8,00;8,00;13,00;8,00;4,00;17,00;0,00;21,00;0,00;4,00;13,00;0,00;0,00;0,00;0,00;4,00;0,00;0,00;0,00;0,00;0,00;0,00;0,00;0,00;0,00;0,00;0,00
2019-02-03;40,00;124,21;44,21;0,00;40,00;40,00;58,67;45,33;32,00;27,00;27,00;31,00;45,00;35,00;9,00;0,00;22,00;18,00;13,00;4,00;0,00;0,00;18,00;9,00;9,00;0,00;4,00;0,00;0,00;4,00;0,00;9,00;0,00;4,00;0,00;0,00;0,00;0,00;0,00;0,00;4,00;0,00;0,00
2019-02-10;36,00;72,00;57,18;0,00;57,18;32,00;77,33;36,00;36,00;31,00;22,00;18,00;63,00;31,00;9,00;9,00;18,00;4,00;13,00;13,00;0,00;4,00;4,00;4,00;0,00;0,00;0,00;0,00;4,00;0,00;13,00;4,00;0,00;0,00;0,00;0,00;4,00;0,00;0,00;0,00;0,00;0,00;0,00
2019-02-17;18,00;103,50;33,75;0,00;56,25;34,71;61,71;21,86;21,86;31,00;22,00;13,00;63,00;9,00;13,00;13,00;9,00;4,00;9,00;13,00;13,00;18,00;4,00;9,00;9,00;13,00;4,00;0,00;4,00;0,00;0,00;4,00;0,00;0,00;0,00;0,00;0,00;0,00;0,00;0,00;0,00;0,00;0,00
2019-02-24;31,00;110,71;68,64;0,00;64,21;49,87;80,87;26,96;40,43;48,00;22,00;13,00;70,00;13,00;18,00;18,00;13,00;17,00;9,00;4,00;4,00;0,00;4,00;13,00;0,00;4,00;4,00;4,00;4,00;4,00;0,00;4,00;0,00;0,00;0,00;9,00;0,00;0,00;0,00;0,00;4,00;0,00;0,00
2019-03-03;50,00;69,57;65,22;0,00;19,57;53,95;27,63;13,16;9,21;41,00;36,00;32,00;36,00;27,00;9,00;9,00;32,00;18,00;9,00;18,00;5,00;5,00;14,00;23,00;5,00;9,00;5,00;0,00;0,00;0,00;0,00;5,00;0,00;0,00;0,00;0,00;0,00;0,00;0,00;0,00;0,00;0,00;0,00
2019-03-10;44,00;113,14;44,00;0,00;35,62;36,00;66,67;30,67;36,00;18,00;26,00;13,00;53,00;9,00;9,00;13,00;13,00;4,00;26,00;13,00;4,00;0,00;17,00;13,00;0,00;4,00;4,00;4,00;4,00;0,00;0,00;4,00;0,00;0,00;0,00;4,00;0,00;0,00;0,00;0,00;0,00;0,00;0,00
2019-03-17;36,00;99,53;40,24;0,00;40,24;28,00;60,00;41,33;18,67;23,00;27,00;41,00;36,00;18,00;5,00;5,00;5,00;13,00;0,00;4,00;4,00;4,00;4,00;0,00;4,00;4,00;0,00;4,00;0,00;4,00;4,00;0,00;0,00;0,00;0,00;0,00;0,00;0,00;0,00;0,00;0,00;0,00;0,00
2019-03-24;5,00;130,00;60,00;0,00;47,50;28,33;75,00;58,33;28,33;41,00;18,00;14,00;64,00;18,00;18,00;23,00;18,00;23,00;9,00;9,00;0,00;18,00;0,00;9,00;9,00;5,00;0,00;14,00;0,00;5,00;5,00;0,00;0,00;5,00;0,00;0,00;0,00;0,00;0,00;0,00;0,00;0,00;0,00
2019-03-31;75,00;147,86;45,00;4,29;36,43;71,05;102,63;44,74;35,53;31,00;27,00;44,00;44,00;13,00;0,00;22,00;18,00;9,00;18,00;18,00;22,00;0,00;9,00;13,00;4,00;4,00;4,00;9,00;0,00;0,00;13,00;4,00;4,00;4,00;4,00;0,00;0,00;0,00;0,00;0,00;0,00;0,00;0,00
2019-04-07;46,00;161,00;60,64;4,18;27,18;32,86;84,11;51,26;14,46;37,00;37,00;19,00;70,00;14,00;14,00;9,00;37,00;14,00;14,00;9,00;37,00;19,00;5,00;14,00;9,00;0,00;9,00;0,00;0,00;5,00;5,00;0,00;5,00;5,00;0,00;5,00;0,00;0,00;0,00;0,00;0,00;0,00;0,00
2019-04-14;67,00;123,53;75,38;0,00;52,34;53,86;57,80;43,35;39,41;48,00;39,00;19,00;19,00;39,00;14,00;14,00;34,00;34,00;14,00;14,00;10,00;10,00;14,00;0,00;5,00;0,00;5,00;10,00;0,00;5,00;0,00;0,00;5,00;0,00;5,00;0,00;0,00;0,00;0,00;0,00;0,00;0,00;0,00
2019-04-21;46,00;108,73;27,18;0,00;31,36;55,20;46,00;36,80;32,86;46,00;41,00;18,00;37,00;28,00;9,00;18,00;9,00;9,00;18,00;23,00;18,00;0,00;5,00;14,00;9,00;5,00;9,00;5,00;0,00;5,00;0,00;5,00;5,00;5,00;0,00;0,00;0,00;0,00;0,00;0,00;0,00;0,00;0,00
2019-04-28;47,00;123,91;51,27;4,27;42,73;47,00;80,94;30,03;92,69;68,00;17,00;34,00;26,00;34,00;9,00;13,00;13,00;8,00;13,00;4,00;17,00;13,00;0,00;8,00;13,00;8,00;0,00;4,00;0,00;0,00;4,00;4,00;0,00;0,00;4,00;0,00;0,00;0,00;0,00;0,00;0,00;0,00;0,00
2019-05-05;21,00;96,60;50,40;0,00;46,20;55,13;42,00;28,88;76,13;55,00;21,00;46,00;80,00;42,00;4,00;29,00;4,00;13,00;21,00;17,00;13,00;4,00;13,00;17,00;8,00;13,00;0,00;4,00;4,00;0,00;17,00;0,00;4,00;4,00;4,00;4,00;4,00;0,00;4,00;0,00;0,00;0,00;0,00
2019-05-12;48,00;169,04;35,48;0,00;43,83;70,05;51,89;51,89;57,08;26,00;40,00;22,00;40,00;31,00;4,00;18,00;13,00;22,00;13,00;13,00;9,00;26,00;13,00;9,00;0,00;9,00;0,00;4,00;0,00;0,00;0,00;4,00;0,00;4,00;0,00;4,00;0,00;0,00;4,00;0,00;0,00;0,00;0,00
2019-05-19;30,00;177,86;30,00;0,00;47,14;80,87;41,74;41,74;88,70;47,00;26,00;21,00;38,00;26,00;17,00;13,00;17,00;25,00;13,00;4,00;17,00;4,00;17,00;8,00;4,00;4,00;4,00;4,00;4,00;0,00;0,00;4,00;8,00;0,00;0,00;0,00;4,00;0,00;0,00;0,00;0,00;0,00;0,00
2019-05-26;43,00;163,40;62,35;0,00;43,00;99,03;33,88;56,03;46,91;35,00;13,00;35,00;74,00;52,00;17,00;22,00;13,00;13,00;22,00;0,00;4,00;4,00;4,00;9,00;0,00;4,00;13,00;4,00;4,00;4,00;0,00;0,00;0,00;4,00;9,00;0,00;0,00;0,00;0,00;0,00;0,00;0,00;0,00
2019-06-02;64,00;157,87;36,27;0,00;27,73;121,47;40,49;48,33;60,08;36,00;28,00;24,00;41,00;53,00;8,00;16,00;28,00;4,00;16,00;24,00;16,00;8,00;8,00;8,00;0,00;4,00;0,00;4,00;0,00;4,00;12,00;8,00;4,00;0,00;4,00;4,00;4,00;0,00;0,00;0,00;0,00;0,00;0,00
2019-06-09;42,00;109,20;46,20;0,00;54,60;106,31;42,00;38,06;80,06;89,00;21,00;4,00;38,00;42,00;13,00;30,00;17,00;25,00;42,00;25,00;34,00;13,00;8,00;17,00;8,00;0,00;8,00;8,00;0,00;4,00;17,00;0,00;4,00;0,00;4,00;0,00;0,00;0,00;0,00;0,00;0,00;0,00;0,00
2019-06-16;43,00;159,71;24,57;0,00;51,19;39,09;56,03;39,09;26,06;83,00;35,00;13,00;57,00;48,00;13,00;17,00;22,00;9,00;26,00;17,00;13,00;13,00;13,00;9,00;0,00;0,00;0,00;4,00;9,00;0,00;9,00;0,00;0,00;4,00;4,00;0,00;4,00;9,00;0,00;0,00;4,00;0,00;0,00
2019-06-23;28,00;213,23;86,15;4,31;38,77;57,33;61,33;81,33;66,67;47,00;47,00;28,00;37,00;47,00;5,00;23,00;28,00;23,00;19,00;0,00;28,00;14,00;9,00;28,00;9,00;0,00;5,00;19,00;0,00;0,00;0,00;14,00;5,00;0,00;5,00;5,00;0,00;0,00;0,00;0,00;0,00;5,00;0,00
2019-06-30;74,00;143,77;54,97;4,23;27,49;120,74;27,26;97,37;97,37;61,00;42,00;37,00;51,00;75,00;14,00;28,00;23,00;37,00;28,00;5,00;14,00;0,00;9,00;9,00;14,00;0,00;9,00;0,00;5,00;5,00;19,00;9,00;0,00;5,00;0,00;5,00;0,00;9,00;0,00;0,00;0,00;0,00;5,00
2019-07-07;100,00;206,38;55,32;8,51;31,91;96,05;82,89;92,11;68,42;73,00;27,00;27,00;73,00;64,00;9,00;5,00;36,00;9,00;27,00;18,00;23,00;0,00;5,00;5,00;0,00;9,00;0,00;18,00;0,00;5,00;5,00;0,00;9,00;0,00;0,00;5,00;0,00;5,00;0,00;0,00;0,00;0,00;0,00
2019-07-14;92,00;192,36;52,27;4,18;62,73;63,09;113,03;68,34;102,51;44,00;29,00;44,00;68,00;83,00;5,00;44,00;15,00;24,00;34,00;15,00;29,00;10,00;5,00;15,00;15,00;10,00;5,00;15,00;5,00;5,00;10,00;10,00;5,00;0,00;0,00;0,00;5,00;5,00;0,00;0,00;0,00;0,00;0,00
2019-07-21;50,00;208,33;64,58;4,17;54,17;106,58;101,32;60,53;65,79;86,00;35,00;25,00;61,00;66,00;20,00;45,00;60,00;20,00;25,00;30,00;25,00;20,00;5,00;10,00;25,00;0,00;10,00;5,00;5,00;5,00;20,00;10,00;10,00;5,00;0,00;0,00;0,00;0,00;0,00;0,00;0,00;0,00;0,00
2019-07-28;68,00;195,50;29,75;0,00;48,88;53,62;62,77;77,15;62,77;49,00;34,00;29,00;54,00;44,00;15,00;15,00;24,00;29,00;24,00;14,00;29,00;5,00;19,00;14,00;10,00;15,00;5,00;5,00;0,00;10,00;10,00;0,00;5,00;0,00;0,00;0,00;0,00;0,00;0,00;0,00;0,00;5,00;0,00
2019-08-04;52,00;93,60;56,16;0,00;33,28;52,00;66,30;61,10;70,20;71,00;19,00;33,00;38,00;33,00;5,00;19,00;52,00;14,00;14,00;24,00;33,00;28,00;9,00;14,00;14,00;28,00;5,00;9,00;14,00;5,00;9,00;9,00;5,00;0,00;5,00;0,00;14,00;0,00;5,00;0,00;5,00;0,00;0,00
2019-08-11;46,00;173,55;77,36;4,18;64,82;97,26;69,66;69,66;74,91;84,00;42,00;19,00;60,00;56,00;28,00;28,00;37,00;18,00;14,00;0,00;14,00;14,00;5,00;32,00;9,00;9,00;5,00;9,00;5,00;14,00;0,00;0,00;0,00;5,00;0,00;5,00;0,00;0,00;0,00;0,00;5,00;5,00;0,00
2019-08-18;66,00;108,58;80,90;0,00;23,42;56,76;56,76;23,76;67,32;57,00;28,00;24,00;62,00;38,00;5,00;95,00;19,00;24,00;24,00;5,00;24,00;0,00;0,00;14,00;5,00;5,00;5,00;5,00;5,00;5,00;0,00;0,00;5,00;0,00;0,00;0,00;0,00;0,00;0,00;5,00;0,00;0,00;0,00
2019-08-25;45,00;158,57;45,00;0,00;23,57;54,26;68,82;72,79;50,29;36,00;32,00;27,00;23,00;27,00;14,00;72,00;36,00;13,00;27,00;22,00;27,00;4,00;4,00;0,00;4,00;4,00;4,00;9,00;4,00;9,00;4,00;9,00;4,00;0,00;0,00;4,00;0,00;4,00;0,00;4,00;0,00;5,00;0,00
2019-09-01;52,00;141,44;81,12;0,00;33,28;91,00;61,10;74,10;55,90;35,00;22,00;31,00;26,00;48,00;0,00;13,00;17,00;17,00;22,00;9,00;13,00;9,00;0,00;9,00;4,00;0,00;0,00;9,00;0,00;4,00;9,00;9,00;0,00;0,00;0,00;4,00;4,00;0,00;0,00;0,00;0,00;0,00;0,00
2019-09-08;80,00;164,21;80,00;4,21;31,58;80,00;57,70;62,95;35,41;40,00;27,00;18,00;31,00;49,00;13,00;18,00;13,00;36,00;9,00;4,00;18,00;9,00;9,00;9,00;0,00;9,00;0,00;4,00;4,00;0,00;0,00;4,00;0,00;4,00;0,00;0,00;9,00;0,00;0,00;0,00;0,00;0,00;0,00
2019-09-15;44,00;136,19;60,76;0,00;35,62;60,82;47,88;31,06;34,94;13,00;27,00;22,00;53,00;27,00;9,00;4,00;4,00;4,00;0,00;4,00;9,00;13,00;4,00;9,00;4,00;0,00;0,00;0,00;4,00;0,00;0,00;0,00;0,00;4,00;0,00;0,00;0,00;0,00;0,00;0,00;0,00;0,00;0,00
2019-09-22;33,00;105,19;28,88;8,25;28,88;42,24;42,24;25,08;42,24;13,00;21,00;29,00;38,00;33,00;8,00;8,00;13,00;12,00;8,00;4,00;4,00;12,00;4,00;0,00;8,00;0,00;0,00;0,00;0,00;4,00;8,00;0,00;0,00;0,00;0,00;0,00;0,00;0,00;0,00;0,00;0,00;0,00;0,00
2019-09-29;17,00;91,38;46,75;0,00;25,50;28,77;74,54;20,92;20,92;29,00;25,00;8,00;33,00;17,00;12,00;4,00;4,00;4,00;12,00;0,00;4,00;0,00;12,00;12,00;8,00;4,00;4,00;0,00;0,00;0,00;0,00;0,00;0,00;0,00;0,00;0,00;0,00;0,00;0,00;0,00;0,00;0,00;0,00
2019-10-06;33,00;66,00;33,00;0,00;45,38;29,04;42,24;21,12;7,92;25,00;8,00;8,00;38,00;25,00;0,00;21,00;8,00;0,00;4,00;12,00;4,00;4,00;0,00;8,00;0,00;0,00;4,00;0,00;0,00;4,00;8,00;0,00;0,00;0,00;0,00;4,00;0,00;0,00;0,00;0,00;0,00;0,00;0,00
2019-10-13;25,00;64,58;56,25;0,00;25,00;50,00;32,89;42,11;11,84;25,00;17,00;12,00;25,00;12,00;0,00;17,00;4,00;12,00;12,00;0,00;0,00;8,00;4,00;0,00;8,00;0,00;0,00;0,00;8,00;0,00;4,00;0,00;0,00;0,00;0,00;4,00;0,00;0,00;4,00;0,00;0,00;0,00;0,00
2019-10-20;42,00;75,60;58,80;0,00;50,40;13,13;45,94;42,00;7,88;13,00;17,00;25,00;50,00;17,00;4,00;4,00;17,00;29,00;8,00;12,00;4,00;0,00;4,00;12,00;0,00;8,00;13,00;0,00;0,00;0,00;0,00;0,00;0,00;0,00;0,00;4,00;0,00;4,00;0,00;0,00;0,00;0,00;0,00
2019-10-27;52,00;56,16;60,32;0,00;56,16;29,90;68,90;39,00;13,00;9,00;22,00;35,00;35,00;22,00;9,00;13,00;22,00;13,00;4,00;0,00;4,00;9,00;0,00;9,00;9,00;9,00;4,00;0,00;13,00;0,00;0,00;0,00;9,00;0,00;0,00;0,00;0,00;4,00;0,00;4,00;0,00;0,00;0,00
2019-11-03;29,00;53,86;53,86;0,00;20,71;42,18;25,05;17,14;13,18;29,00;50,00;21,00;58,00;12,00;4,00;8,00;8,00;4,00;4,00;4,00;0,00;4,00;4,00;8,00;0,00;0,00;4,00;0,00;4,00;0,00;0,00;4,00;0,00;0,00;0,00;0,00;4,00;0,00;0,00;0,00;0,00;0,00;0,00
2019-11-10;25,00;66,67;70,83;0,00;16,67;34,21;28,95;38,16;25,00;34,00;25,00;8,00;25,00;13,00;0,00;8,00;0,00;4,00;4,00;4,00;21,00;4,00;0,00;0,00;4,00;0,00;0,00;0,00;0,00;0,00;0,00;0,00;0,00;0,00;0,00;0,00;0,00;4,00;0,00;0,00;0,00;0,00;0,00
2019-11-17;21,00;56,70;48,30;0,00;56,70;17,06;28,88;21,00;24,94;21,00;17,00;21,00;42,00;21,00;4,00;12,00;0,00;4,00;8,00;12,00;8,00;4,00;4,00;0,00;4,00;0,00;0,00;0,00;4,00;0,00;0,00;0,00;0,00;0,00;0,00;0,00;0,00;0,00;0,00;0,00;0,00;0,00;0,00
2019-11-24;8,00;48,00;64,00;4,00;38,00;12,00;16,00;12,00;4,00;20,00;32,00;8,00;32,00;4,00;4,00;0,00;4,00;0,00;8,00;0,00;0,00;0,00;4,00;12,00;0,00;4,00;4,00;0,00;0,00;0,00;0,00;0,00;0,00;0,00;8,00;0,00;0,00;4,00;0,00;0,00;0,00;4,00;0,00
2019-12-01;29,00;145,00;64,21;0,00;60,07;25,05;36,91;17,14;11,86;12,00;12,00;12,00;12,00;0,00;8,00;21,00;0,00;20,00;8,00;4,00;4,00;0,00;0,00;4,00;0,00;8,00;0,00;0,00;0,00;0,00;4,00;0,00;0,00;0,00;0,00;0,00;0,00;0,00;0,00;0,00;0,00;0,00;0,00
2019-12-08;20,00;62,00;68,00;0,00;30,00;16,00;16,00;37,33;24,00;0,00;12,00;24,00;32,00;24,00;4,00;12,00;4,00;8,00;4,00;0,00;4,00;0,00;0,00;4,00;4,00;0,00;0,00;4,00;0,00;0,00;0,00;0,00;0,00;0,00;0,00;4,00;0,00;0,00;0,00;0,00;0,00;0,00;0,00
2019-12-15;48,00;54,26;43,83;0,00;16,70;24,00;28,00;32,00;12,00;16,00;24,00;16,00;56,00;8,00;0,00;8,00;12,00;8,00;4,00;4,00;8,00;12,00;4,00;12,00;8,00;0,00;0,00;4,00;12,00;0,00;4,00;0,00;0,00;0,00;0,00;0,00;0,00;0,00;0,00;0,00;0,00;0,00;0,00
2019-12-22;53,00;72,08;53,00;0,00;40,28;38,78;34,90;18,10;34,90;27,00;13,00;13,00;36,00;9,00;4,00;18,00;9,00;18,00;4,00;4,00;0,00;9,00;0,00;4,00;4,00;0,00;0,00;13,00;0,00;0,00;0,00;0,00;0,00;0,00;0,00;0,00;0,00;0,00;0,00;0,00;0,00;0,00;0,00
2019-12-29;43,00;81,70;51,60;0,00;25,80;26,06;37,79;26,06;26,06;22,00;17,00;4,00;56,00;21,00;0,00;13,00;13,00;26,00;4,00;9,00;4,00;4,00;0,00;4,00;13,00;0,00;4,00;4,00;4,00;0,00;4,00;4,00;4,00;4,00;0,00;0,00;0,00;0,00;0,00;0,00;0,00;0,00;0,00
2020-01-05;39,00;99,67;60,67;0,00;47,67;42,90;23,40;35,10;31,20;43,00;23,00;31,00;39,00;23,00;0,00;12,00;12,00;8,00;8,00;8,00;12,00;19,00;12,00;12,00;8,00;0,00;4,00;0,00;4,00;4,00;0,00;8,00;0,00;0,00;0,00;0,00;4,00;0,00;0,00;0,00;0,00;0,00;0,00
2020-01-12;30,00;111,43;66,43;10,71;66,43;49,57;26,09;30,00;41,74;38,00;23,00;31,00;69,00;8,00;0,00;27,00;27,00;0,00;4,00;8,00;15,00;8,00;8,00;15,00;4,00;0,00;4,00;4,00;11,00;0,00;4,00;4,00;0,00;4,00;4,00;0,00;0,00;0,00;0,00;0,00;0,00;0,00;0,00
2020-01-19;24,00;89,45;89,45;4,36;61,09;65,33;40,00;36,00;52,00;44,00;24,00;24,00;44,00;28,00;8,00;8,00;24,00;20,00;28,00;4,00;0,00;8,00;12,00;20,00;8,00;4,00;0,00;8,00;0,00;4,00;0,00;4,00;4,00;0,00;0,00;0,00;4,00;4,00;0,00;0,00;0,00;0,00;0,00
2020-01-26;20,00;95,56;42,22;4,44;46,67;52,00;44,00;24,00;48,00;32,00;12,00;44,00;60,00;32,00;0,00;20,00;24,00;4,00;8,00;4,00;8,00;12,00;0,00;24,00;8,00;4,00;0,00;8,00;0,00;4,00;0,00;4,00;0,00;8,00;4,00;0,00;0,00;0,00;0,00;0,00;0,00;0,00;0,00
2020-02-02;40,00;75,79;58,95;0,00;58,95;44,00;36,00;44,00;20,00;28,00;32,00;32,00;84,00;24,00;8,00;12,00;12,00;16,00;8,00;12,00;8,00;4,00;16,00;4,00;0,00;8,00;8,00;8,00;12,00;0,00;4,00;4,00;0,00;4,00;0,00;0,00;0,00;0,00;0,00;0,00;0,00;0,00;0,00
2020-02-09;46,00;64,82;29,27;4,18;29,27;34,17;42,06;26,29;38,11;42,00;38,00;19,00;54,00;19,00;15,00;4,00;11,00;15,00;23,00;8,00;11,00;4,00;11,00;11,00;4,00;8,00;4,00;0,00;0,00;4,00;0,00;4,00;0,00;4,00;0,00;4,00;0,00;0,00;0,00;0,00;0,00;0,00;0,00
2020-02-16;65,00;88,06;41,94;0,00;56,61;37,70;19,50;23,40;15,60;35,00;27,00;35,00;35,00;31,00;0,00;8,00;12,00;8,00;15,00;0,00;4,00;0,00;8,00;8,00;11,00;12,00;4,00;0,00;0,00;0,00;8,00;0,00;0,00;0,00;4,00;0,00;0,00;0,00;0,00;0,00;0,00;0,00;0,00
2020-02-23;23,00;64,82;64,82;4,18;37,64;52,39;19,17;38,33;19,17;43,00;43,00;31,00;35,00;35,00;4,00;12,00;4,00;8,00;0,00;4,00;8,00;0,00;8,00;4,00;8,00;0,00;0,00;0,00;4,00;0,00;0,00;0,00;4,00;0,00;0,00;0,00;0,00;0,00;0,00;0,00;0,00;0,00;0,00
2020-03-01;34,00;61,63;46,75;0,00;23,38;30,08;41,85;26,15;11,77;8,00;23,00;19,00;50,00;11,00;4,00;15,00;8,00;19,00;4,00;4,00;8,00;0,00;11,00;0,00;4,00;4,00;4,00;4,00;8,00;0,00;0,00;0,00;0,00;0,00;4,00;0,00;0,00;0,00;0,00;0,00;0,00;0,00;0,00
2020-03-08;97,00;73,80;29,52;0,00;29,52;18,35;30,15;14,42;22,28;15,00;37,00;11,00;41,00;7,00;4,00;4,00;4,00;7,00;7,00;4,00;4,00;11,00;4,00;0,00;0,00;4,00;4,00;0,00;0,00;4,00;0,00;0,00;4,00;0,00;0,00;0,00;0,00;0,00;0,00;4,00;0,00;0,00;0,00
2020-03-15;18,00;48,00;18,00;0,00;20,00;28,29;25,71;10,29;7,71;7,00;0,00;18,00;22,00;11,00;0,00;4,00;0,00;4,00;7,00;0,00;7,00;4,00;0,00;7,00;4,00;0,00;4,00;4,00;0,00;0,00;0,00;4,00;0,00;0,00;0,00;0,00;0,00;0,00;0,00;0,00;0,00;0,00;0,00
2020-03-22;7,00;21,00;21,00;0,00;4,67;9,33;7,00;3,50;7,00;15,00;4,00;0,00;7,00;7,00;0,00;4,00;11,00;4,00;18,00;0,00;4,00;7,00;4,00;0,00;0,00;4,00;0,00;0,00;0,00;0,00;0,00;0,00;4,00;0,00;0,00;0,00;0,00;0,00;0,00;0,00;0,00;0,00;0,00
2020-03-29;7,00;16,33;18,67;0,00;23,33;4,20;15,40;15,40;11,20;4,00;7,00;7,00;0,00;14,00;0,00;4,00;4,00;14,00;7,00;0,00;7,00;0,00;0,00;4,00;0,00;7,00;0,00;0,00;0,00;0,00;0,00;4,00;0,00;0,00;0,00;0,00;0,00;0,00;0,00;0,00;0,00;0,00;0,00
2020-04-05;4,00;8,00;14,00;0,00;8,00;8,00;8,00;12,00;18,67;23,00;4,00;8,00;8,00;4,00;4,00;4,00;4,00;4,00;11,00;0,00;4,00;0,00;11,00;4,00;0,00;4,00;0,00;4,00;4,00;0,00;0,00;0,00;0,00;0,00;0,00;0,00;0,00;0,00;0,00;0,00;0,00;0,00;0,00
2020-04-12;11,00;15,40;11,00;4,40;15,40;4,13;11,00;8,25;8,25;22,00;7,00;4,00;7,00;4,00;4,00;7,00;0,00;4,00;7,00;4,00;0,00;7,00;0,00;0,00;0,00;0,00;0,00;0,00;0,00;0,00;0,00;0,00;0,00;0,00;0,00;0,00;0,00;0,00;0,00;0,00;4,00;0,00;0,00
2020-04-19;0,00;7,00;5,00;0,00;7,00;3,00;8,00;3,00;11,00;7,00;7,00;4,00;4,00;4,00;4,00;0,00;0,00;0,00;0,00;0,00;7,00;3,00;7,00;0,00;3,00;0,00;0,00;0,00;0,00;0,00;0,00;0,00;0,00;0,00;0,00;0,00;0,00;0,00;0,00;0,00;0,00;0,00;0,00
2020-04-26;3,00;12,00;0,00;3,00;4,50;13,00;3,00;3,00;5,00;21,00;7,00;3,00;0,00;3,00;3,00;3,00;7,00;7,00;10,00;3,00;3,00;7,00;0,00;3,00;3,00;0,00;0,00;0,00;0,00;0,00;0,00;0,00;3,00;0,00;0,00;0,00;0,00;0,00;0,00;0,00;0,00;0,00;0,00
2020-05-03;4,00;24,00;14,00;0,00;10,00;14,67;14,67;0,00;14,67;21,00;4,00;4,00;4,00;4,00;0,00;4,00;0,00;4,00;0,00;0,00;0,00;7,00;0,00;0,00;4,00;0,00;4,00;0,00;0,00;0,00;0,00;0,00;0,00;0,00;0,00;0,00;0,00;4,00;0,00;0,00;0,00;0,00;0,00
2020-05-10;7,00;37,33;7,00;4,67;18,67;18,20;15,40;18,20;11,20;17,00;7,00;3,00;7,00;3,00;10,00;7,00;14,00;0,00;14,00;3,00;3,00;0,00;3,00;0,00;0,00;3,00;0,00;3,00;3,00;0,00;0,00;3,00;3,00;0,00;0,00;0,00;3,00;0,00;0,00;0,00;0,00;0,00;0,00
2020-05-17;15,00;19,29;10,71;4,29;4,29;42,27;8,18;0,00;27,27;15,00;19,00;4,00;0,00;18,00;0,00;4,00;4,00;4,00;11,00;0,00;0,00;0,00;0,00;4,00;4,00;4,00;7,00;0,00;4,00;0,00;0,00;0,00;4,00;0,00;4,00;0,00;0,00;0,00;0,00;0,00;0,00;0,00;0,00
2020-05-24;28,00;32,31;21,54;0,00;17,23;36,00;17,33;6,67;10,67;11,00;0,00;7,00;4,00;7,00;7,00;0,00;7,00;0,00;0,00;0,00;11,00;0,00;4,00;4,00;4,00;0,00;0,00;0,00;0,00;0,00;11,00;4,00;0,00;0,00;0,00;0,00;4,00;0,00;4,00;0,00;0,00;0,00;0,00
2020-05-31;30,00;40,71;27,86;0,00;23,57;19,57;10,43;40,43;0,00;24,00;24,00;7,00;3,00;27,00;14,00;14,00;17,00;7,00;7,00;3,00;10,00;7,00;0,00;10,00;7,00;0,00;0,00;7,00;0,00;0,00;7,00;0,00;0,00;0,00;0,00;0,00;0,00;0,00;3,00;3,00;3,00;0,00;0,00
2020-06-07;47,00;83,32;17,09;0,00;6,41;43,08;3,92;30,03;23,50;7,00;13,00;20,00;27,00;20,00;7,00;20,00;17,00;10,00;13,00;0,00;17,00;10,00;7,00;10,00;20,00;7,00;0,00;3,00;3,00;0,00;3,00;7,00;0,00;0,00;7,00;0,00;0,00;0,00;0,00;0,00;0,00;3,00;0,00
2020-06-14;38,00;82,33;23,22;0,00;12,67;34,07;10,48;31,45;13,10;38,00;17,00;21,00;45,00;7,00;10,00;24,00;17,00;17,00;17,00;3,00;31,00;10,00;0,00;7,00;14,00;0,00;3,00;3,00;7,00;0,00;14,00;7,00;7,00;0,00;3,00;3,00;3,00;0,00;0,00;0,00;0,00;0,00;0,00
2020-06-21;36,00;84,71;25,41;6,35;14,82;42,43;7,71;32,14;28,29;29,00;11,00;11,00;40,00;18,00;0,00;29,00;22,00;18,00;40,00;7,00;22,00;18,00;7,00;15,00;18,00;11,00;11,00;15,00;0,00;0,00;18,00;4,00;0,00;0,00;4,00;0,00;0,00;0,00;0,00;0,00;4,00;4,00;0,00
2020-06-28;54,00;99,36;36,72;4,32;15,12;61,90;21,07;32,93;32,93;40,00;29,00;14,00;25,00;14,00;4,00;11,00;50,00;39,00;25,00;18,00;14,00;7,00;11,00;0,00;14,00;7,00;7,00;14,00;14,00;11,00;11,00;14,00;11,00;0,00;0,00;4,00;7,00;0,00;0,00;7,00;4,00;4,00;0,00
2020-07-05;49,00;110,78;44,74;4,26;23,43;49,00;14,57;42,38;42,38;57,00;34,00;19,00;26,00;11,00;15,00;41,00;64,00;30,00;23,00;4,00;26,00;7,00;26,00;8,00;11,00;11,00;0,00;15,00;11,00;0,00;11,00;15,00;8,00;0,00;4,00;0,00;4,00;0,00;0,00;0,00;4,00;0,00;4,00
2020-07-12;88,00;83,81;31,43;4,19;8,38;52,54;3,94;36,78;27,58;36,00;44,00;4,00;24,00;16,00;12,00;24,00;48,00;16,00;24,00;12,00;32,00;12,00;16,00;4,00;16,00;0,00;8,00;8,00;12,00;0,00;0,00;12,00;12,00;0,00;4,00;4,00;4,00;0,00;4,00;8,00;0,00;0,00;0,00
2020-07-19;55,00;88,85;55,00;0,00;4,23;58,93;13,10;55,00;34,05;34,00;30,00;13,00;21,00;13,00;13,00;34,00;34,00;46,00;34,00;8,00;38,00;13,00;13,00;0,00;17,00;8,00;0,00;4,00;8,00;4,00;4,00;0,00;0,00;0,00;0,00;0,00;0,00;0,00;0,00;0,00;4,00;0,00;0,00
2020-07-26;56,00;78,81;16,59;0,00;4,15;56,00;15,63;36,47;15,63;48,00;24,00;12,00;36,00;16,00;4,00;48,00;20,00;40,00;16,00;4,00;16,00;8,00;8,00;0,00;12,00;0,00;8,00;12,00;4,00;0,00;0,00;4,00;0,00;4,00;0,00;0,00;0,00;0,00;0,00;0,00;0,00;0,00;0,00
2020-08-02;31,00;68,20;41,33;8,27;8,27;62,00;15,50;7,75;46,50;28,00;55,00;0,00;16,00;28,00;4,00;20,00;24,00;31,00;27,00;4,00;20,00;16,00;23,00;12,00;12,00;12,00;4,00;12,00;0,00;0,00;4,00;8,00;0,00;0,00;0,00;4,00;4,00;4,00;0,00;4,00;0,00;0,00;0,00
2020-08-09;37,00;51,39;28,78;4,11;14,39;89,86;18,50;26,43;34,36;60,00;37,00;11,00;30,00;11,00;7,00;26,00;37,00;15,00;26,00;4,00;11,00;19,00;7,00;4,00;4,00;11,00;4,00;4,00;4,00;4,00;7,00;0,00;4,00;0,00;4,00;0,00;4,00;4,00;0,00;0,00;0,00;0,00;0,00
2020-08-16;41,00;65,60;28,70;0,00;8,20;68,77;11,90;30,42;14,55;57,00;45,00;23,00;38,00;15,00;23,00;30,00;38,00;22,00;60,00;15,00;22,00;15,00;7,00;7,00;0,00;4,00;0,00;8,00;0,00;4,00;11,00;11,00;0,00;0,00;8,00;0,00;4,00;4,00;4,00;8,00;0,00;0,00;0,00
2020-08-23;41,00;25,89;49,63;0,00;10,79;34,39;3,97;26,45;18,52;41,00;22,00;19,00;19,00;15,00;19,00;37,00;45,00;26,00;48,00;11,00;37,00;37,00;7,00;4,00;0,00;4,00;0,00;4,00;4,00;11,00;4,00;7,00;0,00;4,00;0,00;0,00;4,00;0,00;0,00;0,00;0,00;4,00;0,00
2020-08-30;37,00;24,67;22,61;0,00;10,28;14,54;14,54;14,54;30,39;38,00;11,00;26,00;26,00;4,00;19,00;19,00;41,00;11,00;0,00;26,00;11,00;19,00;7,00;4,00;4,00;7,00;4,00;11,00;0,00;7,00;4,00;4,00;0,00;0,00;0,00;0,00;0,00;0,00;0,00;4,00;0,00;0,00;0,00
2020-09-06;27,00;27,00;10,38;0,00;8,31;7,71;3,86;7,71;19,29;31,00;12,00;19,00;19,00;0,00;4,00;27,00;89,00;8,00;15,00;8,00;12,00;12,00;8,00;8,00;0,00;0,00;0,00;15,00;8,00;0,00;4,00;0,00;0,00;0,00;0,00;0,00;0,00;0,00;0,00;0,00;0,00;0,00;0,00
2020-09-13;23,00;10,45;10,45;10,45;14,64;15,33;0,00;3,83;3,83;27,00;4,00;16,00;4,00;8,00;4,00;16,00;31,00;4,00;15,00;27,00;4,00;4,00;0,00;8,00;4,00;0,00;0,00;0,00;0,00;4,00;8,00;4,00;0,00;0,00;0,00;0,00;0,00;0,00;0,00;0,00;0,00;0,00;0,00
2020-09-20;11,00;15,40;8,80;4,40;8,80;3,67;3,67;11,00;28,11;34,00;11,00;23,00;4,00;4,00;0,00;8,00;11,00;22,00;4,00;15,00;7,00;19,00;7,00;4,00;0,00;0,00;0,00;0,00;4,00;0,00;4,00;0,00;0,00;0,00;0,00;0,00;0,00;0,00;0,00;0,00;0,00;0,00;0,00
2020-09-27;19,00;8,44;19,00;0,00;8,44;16,29;0,00;8,14;8,14;19,00;30,00;4,00;8,00;4,00;0,00;4,00;19,00;4,00;4,00;8,00;11,00;8,00;0,00;0,00;8,00;11,00;0,00;4,00;0,00;0,00;4,00;4,00;0,00;0,00;0,00;0,00;0,00;0,00;0,00;0,00;0,00;0,00;0,00
2020-10-04;38,00;4,22;19,00;4,22;4,22;3,93;7,86;3,93;23,59;35,00;4,00;0,00;8,00;8,00;4,00;0,00;4,00;11,00;4,00;4,00;0,00;8,00;0,00;0,00;0,00;0,00;0,00;4,00;4,00;0,00;4,00;0,00;0,00;0,00;0,00;0,00;4,00;0,00;0,00;0,00;0,00;0,00;0,00
2020-10-11;12,00;22,00;16,00;4,00;4,00;0,00;16,00;4,00;16,00;24,00;8,00;4,00;4,00;0,00;0,00;4,00;4,00;0,00;0,00;4,00;0,00;0,00;0,00;0,00;0,00;0,00;0,00;0,00;0,00;0,00;0,00;4,00;0,00;0,00;0,00;0,00;0,00;0,00;0,00;0,00;0,00;0,00;0,00
2020-10-18;0,00;6,00;23,00;0,00;4,00;3,00;3,00;0,00;3,00;4,00;16,00;8,00;20,00;8,00;0,00;4,00;12,00;28,00;0,00;0,00;0,00;0,00;0,00;0,00;4,00;0,00;0,00;0,00;4,00;4,00;0,00;0,00;0,00;0,00;0,00;0,00;0,00;0,00;0,00;0,00;0,00;0,00;0,00
2020-10-25;23,00;14,64;27,18;4,18;4,18;4,06;8,12;4,06;4,06;4,00;15,00;4,00;4,00;0,00;0,00;0,00;8,00;8,00;8,00;0,00;0,00;4,00;4,00;0,00;8,00;0,00;0,00;0,00;0,00;0,00;0,00;0,00;0,00;0,00;0,00;0,00;0,00;0,00;0,00;0,00;0,00;0,00;0,00
2020-11-01;7,00;16,33;23,33;0,00;16,33;12,83;3,50;3,50;12,83;15,00;7,00;4,00;7,00;4,00;7,00;4,00;0,00;4,00;0,00;0,00;0,00;0,00;0,00;0,00;0,00;0,00;0,00;0,00;0,00;0,00;4,00;0,00;7,00;0,00;0,00;0,00;0,00;0,00;0,00;0,00;0,00;0,00;0,00
2020-11-08;4,00;22,00;18,00;4,00;4,00;16,00;20,00;16,00;8,00;4,00;23,00;15,00;12,00;0,00;4,00;8,00;12,00;4,00;8,00;0,00;4,00;4,00;0,00;0,00;0,00;0,00;0,00;0,00;0,00;0,00;0,00;4,00;0,00;0,00;0,00;0,00;0,00;0,00;0,00;0,00;0,00;0,00;0,00
2020-11-15;0,00;2,00;12,00;0,00;5,00;17,00;11,00;14,00;9,00;22,00;15,00;4,00;4,00;7,00;0,00;7,00;4,00;4,00;4,00;0,00;7,00;0,00;0,00;4,00;0,00;0,00;0,00;0,00;0,00;0,00;0,00;0,00;0,00;0,00;0,00;0,00;0,00;4,00;0,00;0,00;0,00;0,00;0,00
2020-11-22;7,00;15,75;15,75;0,00;15,75;10,50;10,50;0,00;12,83;15,00;11,00;8,00;0,00;15,00;0,00;7,00;4,00;4,00;4,00;0,00;4,00;4,00;4,00;4,00;4,00;0,00;0,00;0,00;0,00;0,00;0,00;0,00;0,00;0,00;0,00;0,00;0,00;0,00;0,00;0,00;0,00;0,00;0,00
2020-11-29;4,00;18,00;22,00;0,00;18,00;12,00;0,00;4,00;0,00;15,00;11,00;7,00;7,00;4,00;0,00;7,00;0,00;0,00;11,00;0,00;0,00;4,00;0,00;0,00;4,00;0,00;4,00;4,00;0,00;0,00;0,00;0,00;0,00;0,00;0,00;0,00;0,00;0,00;0,00;0,00;0,00;0,00;0,00
2020-12-06;4,00;22,00;10,00;0,00;10,00;8,00;8,00;12,00;0,00;12,00;15,00;12,00;12,00;4,00;0,00;4,00;4,00;0,00;4,00;0,00;0,00;0,00;0,00;4,00;0,00;0,00;0,00;0,00;0,00;0,00;4,00;0,00;0,00;4,00;0,00;4,00;0,00;0,00;0,00;0,00;0,00;0,00;0,00
2020-12-13;8,00;14,00;10,00;0,00;14,00;0,00;4,00;16,00;4,00;12,00;19,00;0,00;8,00;4,00;4,00;4,00;0,00;12,00;8,00;0,00;0,00;0,00;4,00;4,00;12,00;0,00;0,00;0,00;0,00;0,00;4,00;0,00;0,00;0,00;0,00;0,00;0,00;0,00;0,00;0,00;0,00;0,00;0,00
2020-12-20;25,00;4,17;16,67;4,17;8,33;3,95;3,95;3,95;0,00;12,00;4,00;8,00;8,00;0,00;0,00;0,00;8,00;4,00;4,00;0,00;4,00;0,00;4,00;4,00;12,00;0,00;0,00;4,00;0,00;0,00;0,00;0,00;0,00;0,00;4,00;0,00;0,00;0,00;0,00;0,00;0,00;0,00;0,00
2020-12-27;20,00;24,00;26,00;0,00;16,00;4,00;4,00;0,00;8,00;25,00;8,00;4,00;20,00;8,00;0,00;12,00;8,00;0,00;8,00;0,00;20,00;0,00;4,00;0,00;4,00;0,00;0,00;0,00;0,00;0,00;0,00;4,00;0,00;0,00;4,00;0,00;0,00;0,00;0,00;0,00;0,00;0,00;0,00
2021-01-03;19,00;4,22;23,22;0,00;0,00;8,14;8,14;0,00;4,07;15,00;11,00;11,00;15,00;4,00;0,00;4,00;4,00;0,00;4,00;0,00;4,00;8,00;0,00;8,00;0,00;0,00;4,00;0,00;4,00;0,00;4,00;4,00;0,00;0,00;0,00;0,00;0,00;0,00;0,00;0,00;0,00;0,00;0,00
2021-01-10;8,00;10,00;26,00;0,00;10,00;8,00;0,00;22,67;12,00;34,00;30,00;11,00;4,00;4,00;8,00;4,00;0,00;15,00;4,00;0,00;4,00;4,00;0,00;4,00;0,00;4,00;0,00;0,00;4,00;0,00;0,00;0,00;0,00;0,00;0,00;0,00;0,00;0,00;0,00;0,00;0,00;0,00;0,00
2021-01-17;7,00;7,00;28,00;4,67;16,33;3,50;12,83;16,33;9,33;7,00;11,00;11,00;4,00;11,00;0,00;0,00;0,00;0,00;4,00;4,00;15,00;15,00;0,00;0,00;4,00;0,00;0,00;0,00;0,00;0,00;0,00;7,00;0,00;0,00;0,00;0,00;4,00;0,00;0,00;0,00;0,00;0,00;0,00
2021-01-24;8,00;14,00;14,00;0,00;10,00;18,67;12,00;26,67;0,00;4,00;4,00;8,00;0,00;11,00;0,00;8,00;0,00;4,00;0,00;0,00;0,00;11,00;0,00;0,00;4,00;0,00;0,00;4,00;0,00;0,00;0,00;4,00;0,00;0,00;0,00;0,00;0,00;0,00;0,00;0,00;0,00;0,00;0,00
2021-01-31;8,00;14,00;18,00;0,00;8,00;4,00;26,67;4,00;4,00;8,00;15,00;8,00;4,00;0,00;0,00;0,00;8,00;0,00;8,00;4,00;8,00;0,00;0,00;0,00;4,00;0,00;0,00;4,00;0,00;0,00;0,00;0,00;0,00;0,00;0,00;0,00;0,00;0,00;0,00;0,00;0,00;0,00;0,00
2021-02-07;11,00;8,80;44,00;0,00;4,40;7,33;3,67;7,33;7,33;4,00;19,00;0,00;11,00;11,00;8,00;4,00;4,00;8,00;4,00;0,00;11,00;0,00;0,00;4,00;8,00;0,00;4,00;4,00;0,00;0,00;4,00;0,00;0,00;0,00;0,00;0,00;0,00;0,00;0,00;0,00;4,00;0,00;0,00
2021-02-14;12,00;30,00;14,00;0,00;22,00;4,00;0,00;20,00;20,00;16,00;28,00;0,00;16,00;4,00;4,00;0,00;8,00;8,00;4,00;0,00;0,00;4,00;4,00;0,00;8,00;0,00;0,00;0,00;0,00;0,00;0,00;0,00;0,00;0,00;0,00;0,00;0,00;0,00;0,00;0,00;0,00;0,00;0,00
2021-02-21;12,00;22,00;26,00;4,00;8,00;12,00;16,00;12,00;16,00;16,00;0,00;4,00;4,00;8,00;0,00;0,00;4,00;12,00;8,00;0,00;8,00;0,00;4,00;0,00;0,00;0,00;0,00;0,00;0,00;0,00;4,00;0,00;0,00;0,00;0,00;0,00;0,00;0,00;0,00;0,00;0,00;0,00;0,00
2021-02-28;20,00;15,56;24,44;4,44;8,89;12,00;4,00;0,00;0,00;24,00;8,00;4,00;4,00;8,00;4,00;12,00;0,00;8,00;4,00;4,00;8,00;8,00;0,00;0,00;0,00;4,00;0,00;0,00;4,00;0,00;0,00;0,00;0,00;0,00;0,00;0,00;0,00;0,00;0,00;0,00;4,00;0,00;0,00
2021-03-07;30,00;30,00;27,86;4,29;10,71;19,57;19,57;19,57;7,83;4,00;19,00;15,00;15,00;4,00;4,00;4,00;4,00;4,00;4,00;4,00;0,00;8,00;0,00;4,00;0,00;0,00;0,00;0,00;0,00;0,00;8,00;0,00;0,00;0,00;0,00;0,00;0,00;0,00;0,00;0,00;0,00;0,00;0,00
2021-03-14;11,00;26,40;15,40;0,00;11,00;19,25;8,25;19,25;15,13;40,00;14,00;11,00;14,00;7,00;4,00;18,00;14,00;0,00;0,00;4,00;7,00;11,00;0,00;0,00;0,00;4,00;0,00;0,00;0,00;4,00;7,00;0,00;0,00;0,00;0,00;0,00;0,00;4,00;0,00;0,00;0,00;0,00;0,00
2021-03-21;8,00;18,00;10,00;0,00;0,00;12,00;8,00;16,00;8,00;15,00;12,00;8,00;12,00;12,00;0,00;0,00;8,00;4,00;8,00;4,00;8,00;15,00;0,00;0,00;12,00;0,00;0,00;4,00;0,00;4,00;0,00;0,00;0,00;0,00;0,00;0,00;0,00;0,00;0,00;0,00;4,00;0,00;0,00
2021-03-28;0,00;6,00;4,00;0,00;2,00;6,00;12,00;9,00;6,00;0,00;25,00;8,00;4,00;0,00;0,00;8,00;8,00;4,00;8,00;0,00;4,00;4,00;8,00;0,00;8,00;0,00;0,00;8,00;0,00;0,00;0,00;0,00;4,00;0,00;0,00;0,00;4,00;0,00;0,00;0,00;0,00;0,00;0,00
2021-04-04;15,00;34,29;8,57;0,00;8,57;22,50;0,00;11,25;26,25;19,00;12,00;4,00;27,00;4,00;8,00;19,00;0,00;4,00;4,00;0,00;8,00;4,00;4,00;0,00;4,00;0,00;0,00;0,00;4,00;4,00;0,00;0,00;0,00;0,00;0,00;0,00;0,00;0,00;4,00;0,00;0,00;0,00;0,00
2021-04-11;19,00;38,00;19,00;4,22;4,22;45,60;3,80;7,60;26,60;16,00;16,00;8,00;20,00;8,00;4,00;12,00;4,00;4,00;8,00;12,00;8,00;8,00;8,00;0,00;4,00;0,00;0,00;4,00;0,00;4,00;4,00;0,00;0,00;4,00;0,00;0,00;0,00;0,00;0,00;0,00;0,00;0,00;0,00
2021-04-18;4,00;52,00;22,00;0,00;4,00;57,33;4,00;20,00;24,00;40,00;24,00;16,00;28,00;8,00;16,00;8,00;4,00;4,00;20,00;4,00;4,00;4,00;0,00;16,00;8,00;0,00;0,00;8,00;0,00;0,00;0,00;0,00;0,00;0,00;0,00;0,00;0,00;0,00;0,00;0,00;0,00;0,00;0,00
2021-04-25;15,00;57,86;23,57;0,00;8,57;58,75;7,50;22,50;22,50;31,00;27,00;23,00;23,00;23,00;4,00;15,00;8,00;12,00;12,00;0,00;4,00;4,00;4,00;0,00;12,00;0,00;4,00;4,00;0,00;4,00;0,00;0,00;0,00;0,00;4,00;4,00;0,00;0,00;0,00;0,00;4,00;0,00;0,00
2021-05-02;30,00;79,29;30,00;0,00;4,29;66,52;14,35;14,35;40,43;34,00;23,00;30,00;26,00;11,00;4,00;7,00;26,00;11,00;11,00;7,00;15,00;4,00;4,00;15,00;0,00;4,00;0,00;0,00;0,00;0,00;4,00;4,00;0,00;4,00;0,00;4,00;0,00;0,00;0,00;0,00;0,00;0,00;0,00
2021-05-09;27,00;89,31;35,31;0,00;4,15;100,29;19,29;23,14;50,14;31,00;43,00;24,00;39,00;8,00;4,00;16,00;24,00;8,00;8,00;0,00;23,00;8,00;4,00;4,00;0,00;4,00;4,00;0,00;0,00;8,00;4,00;0,00;0,00;0,00;8,00;0,00;0,00;4,00;0,00;0,00;0,00;0,00;0,00
2021-05-16;52,00;132,17;34,67;8,67;23,83;66,30;14,30;22,10;36,40;60,00;34,00;15,00;30,00;11,00;0,00;26,00;30,00;0,00;15,00;11,00;15,00;7,00;11,00;0,00;4,00;7,00;0,00;4,00;4,00;4,00;4,00;4,00;0,00;0,00;0,00;4,00;0,00;0,00;0,00;4,00;0,00;0,00;0,00
2021-05-23;27,00;95,54;27,00;4,15;12,46;92,57;7,71;23,14;27,00;39,00;32,00;24,00;35,00;24,00;12,00;24,00;8,00;8,00;8,00;4,00;16,00;12,00;4,00;8,00;4,00;4,00;4,00;8,00;4,00;4,00;8,00;4,00;8,00;0,00;0,00;4,00;0,00;0,00;0,00;4,00;0,00;0,00;0,00
2021-05-30;52,00;134,33;45,50;4,33;17,33;89,33;12,00;16,00;65,33;36,00;44,00;20,00;28,00;36,00;16,00;32,00;20,00;4,00;24,00;0,00;12,00;8,00;0,00;12,00;12,00;0,00;4,00;8,00;4,00;4,00;4,00;0,00;8,00;0,00;8,00;0,00;0,00;0,00;0,00;0,00;4,00;0,00;0,00
2021-06-06;47,00;128,18;23,50;8,55;40,59;86,17;3,92;70,50;47,00;48,00;32,00;12,00;12,00;20,00;8,00;8,00;51,00;4,00;8,00;4,00;4,00;24,00;0,00;12,00;0,00;4,00;0,00;0,00;4,00;0,00;4,00;4,00;0,00;0,00;4,00;0,00;0,00;0,00;0,00;0,00;0,00;0,00;0,00
2021-06-13;31,00;109,53;31,00;4,13;45,47;126,70;20,22;36,39;32,35;58,00;27,00;35,00;31,00;19,00;8,00;42,00;27,00;35,00;12,00;12,00;27,00;8,00;12,00;4,00;23,00;0,00;4,00;8,00;4,00;4,00;19,00;8,00;0,00;4,00;0,00;0,00;0,00;0,00;0,00;4,00;0,00;0,00;0,00
2021-06-20;66,00;144,77;31,94;0,00;23,42;113,52;15,84;39,60;66,00;70,00;51,00;27,00;31,00;35,00;4,00;47,00;31,00;8,00;15,00;0,00;23,00;4,00;8,00;12,00;8,00;8,00;0,00;0,00;8,00;4,00;8,00;0,00;4,00;0,00;0,00;4,00;0,00;8,00;0,00;0,00;0,00;0,00;0,00
2021-06-27;35,00;156,47;30,88;0,00;35,00;70,00;23,33;77,78;81,67;75,00;20,00;24,00;36,00;28,00;32,00;28,00;32,00;16,00;16,00;8,00;35,00;12,00;4,00;0,00;12,00;4,00;4,00;8,00;0,00;4,00;8,00;4,00;0,00;4,00;0,00;4,00;0,00;4,00;0,00;0,00;0,00;0,00;0,00
2021-07-04;67,00;136,09;33,50;4,19;8,38;130,06;13,14;118,24;84,08;97,00;80,00;17,00;55,00;21,00;17,00;59,00;42,00;17,00;25,00;8,00;38,00;4,00;13,00;4,00;21,00;0,00;0,00;17,00;8,00;4,00;0,00;8,00;4,00;0,00;4,00;0,00;4,00;0,00;0,00;0,00;0,00;0,00;0,00
2021-07-11;43,00;94,60;51,60;17,20;12,90;59,94;13,03;43,00;63,85;60,00;39,00;21,00;34,00;43,00;47,00;13,00;43,00;26,00;38,00;21,00;77,00;21,00;9,00;13,00;13,00;0,00;4,00;4,00;0,00;13,00;13,00;17,00;0,00;0,00;4,00;0,00;0,00;0,00;0,00;0,00;0,00;0,00;0,00
2021-07-18;43,00;116,10;23,65;10,75;23,65;114,67;9,12;28,67;100,33;58,00;24,00;5,00;53,00;48,00;29,00;29,00;48,00;62,00;19,00;24,00;34,00;14,00;34,00;5,00;10,00;5,00;0,00;19,00;5,00;10,00;5,00;0,00;5,00;0,00;5,00;0,00;5,00;5,00;0,00;0,00;0,00;0,00;0,00
2021-07-25;88,00;88,00;44,00;16,76;12,57;124,78;17,07;35,46;97,19;49,00;31,00;18,00;35,00;40,00;27,00;31,00;71,00;31,00;35,00;26,00;44,00;22,00;13,00;9,00;18,00;9,00;9,00;13,00;4,00;4,00;9,00;4,00;0,00;4,00;0,00;0,00;4,00;0,00;0,00;9,00;0,00;0,00;0,00
2021-08-01;44,00;117,33;39,81;12,57;20,95;102,67;17,33;40,00;108,00;53,00;40,00;22,00;44,00;53,00;9,00;9,00;53,00;39,00;35,00;13,00;31,00;13,00;9,00;4,00;13,00;22,00;4,00;22,00;9,00;13,00;0,00;9,00;4,00;0,00;0,00;9,00;0,00;4,00;0,00;0,00;0,00;0,00;0,00
2021-08-08;63,00;107,10;54,60;0,00;27,30;68,25;22,31;81,38;103,69;41,00;59,00;32,00;55,00;68,00;23,00;27,00;59,00;36,00;18,00;18,00;36,00;9,00;9,00;27,00;14,00;0,00;0,00;23,00;0,00;14,00;5,00;14,00;0,00;5,00;5,00;0,00;0,00;0,00;0,00;0,00;0,00;0,00;0,00
2021-08-15;48,00;194,09;56,35;4,17;12,52;133,33;4,00;57,33;70,67;79,00;35,00;9,00;61,00;48,00;9,00;26,00;39,00;26,00;30,00;13,00;17,00;13,00;4,00;17,00;22,00;0,00;4,00;4,00;13,00;4,00;0,00;0,00;0,00;0,00;0,00;0,00;0,00;0,00;0,00;0,00;0,00;0,00;0,00
2021-08-22;41,00;138,11;36,68;12,95;19,42;59,52;18,52;41,00;59,52;96,00;78,00;18,00;59,00;18,00;27,00;23,00;32,00;23,00;27,00;9,00;9,00;14,00;9,00;9,00;5,00;0,00;5,00;5,00;0,00;5,00;9,00;0,00;0,00;0,00;0,00;0,00;0,00;0,00;0,00;0,00;0,00;0,00;0,00
2021-08-29;78,00;172,86;67,46;0,00;35,84;96,51;18,51;64,78;92,54;51,00;32,00;41,00;46,00;18,00;14,00;23,00;14,00;9,00;32,00;5,00;14,00;5,00;14,00;9,00;0,00;0,00;0,00;5,00;14,00;0,00;14,00;0,00;0,00;5,00;0,00;0,00;5,00;5,00;5,00;0,00;0,00;5,00;0,00
2021-09-05;33,00;101,06;55,69;4,13;8,25;104,28;14,52;52,80;62,04;62,00;47,00;28,00;43,00;33,00;14,00;19,00;14,00;14,00;5,00;9,00;19,00;9,00;5,00;5,00;14,00;5,00;0,00;9,00;5,00;0,00;9,00;5,00;9,00;0,00;0,00;9,00;0,00;0,00;0,00;0,00;0,00;0,00;0,00
2021-09-12;32,00;106,67;46,93;0,00;23,47;78,67;13,33;32,00;37,33;28,00;37,00;14,00;46,00;23,00;0,00;18,00;14,00;9,00;9,00;9,00;9,00;0,00;5,00;5,00;5,00;5,00;5,00;0,00;0,00;0,00;14,00;5,00;0,00;0,00;5,00;0,00;0,00;0,00;0,00;0,00;0,00;0,00;0,00
2021-09-19;37,00;95,76;47,88;0,00;8,71;74,00;14,54;23,79;42,29;32,00;32,00;28,00;28,00;14,00;14,00;5,00;18,00;14,00;18,00;0,00;5,00;18,00;5,00;0,00;5,00;5,00;0,00;5,00;0,00;5,00;9,00;5,00;5,00;0,00;0,00;0,00;5,00;0,00;0,00;0,00;0,00;0,00;0,00
2021-09-26;27,00;110,08;62,31;0,00;39,46;51,30;9,45;32,40;41,85;32,00;18,00;18,00;54,00;4,00;4,00;22,00;4,00;13,00;9,00;9,00;4,00;4,00;4,00;4,00;0,00;0,00;0,00;0,00;0,00;0,00;4,00;0,00;0,00;0,00;0,00;0,00;4,00;4,00;0,00;0,00;4,00;0,00;0,00
2021-10-03;13,00;112,67;21,67;0,00;32,50;57,20;26,00;22,10;26,00;44,00;18,00;22,00;71,00;4,00;0,00;9,00;0,00;13,00;4,00;13,00;0,00;9,00;0,00;4,00;4,00;0,00;0,00;4,00;0,00;4,00;9,00;0,00;0,00;0,00;0,00;0,00;0,00;4,00;0,00;0,00;0,00;0,00;0,00
2021-10-10;9,00;72,00;33,75;0,00;33,75;21,86;9,00;36,00;27,00;36,00;41,00;18,00;50,00;5,00;5,00;23,00;14,00;5,00;14,00;5,00;5,00;23,00;0,00;5,00;0,00;0,00;0,00;5,00;5,00;5,00;9,00;0,00;0,00;0,00;0,00;0,00;5,00;0,00;0,00;0,00;0,00;0,00;0,00
2021-10-17;27,00;60,23;47,77;0,00;39,46;13,50;4,05;13,50;13,50;18,00;4,00;18,00;27,00;9,00;0,00;9,00;4,00;9,00;9,00;0,00;9,00;9,00;0,00;9,00;0,00;4,00;0,00;0,00;0,00;0,00;4,00;0,00;4,00;0,00;0,00;0,00;0,00;0,00;0,00;0,00;0,00;0,00;0,00
2021-10-24;9,00;72,00;47,25;4,50;29,25;34,71;18,00;18,00;0,00;13,00;45,00;27,00;45,00;4,00;4,00;4,00;9,00;4,00;4,00;0,00;9,00;0,00;4,00;0,00;0,00;0,00;4,00;0,00;0,00;4,00;4,00;4,00;0,00;0,00;0,00;4,00;0,00;4,00;0,00;0,00;0,00;0,00;0,00
2021-10-31;32,00;78,93;74,67;0,00;32,00;44,80;23,04;26,88;0,00;9,00;33,00;19,00;33,00;5,00;0,00;28,00;0,00;5,00;9,00;5,00;18,00;5,00;5,00;9,00;5,00;0,00;0,00;0,00;5,00;0,00;5,00;0,00;0,00;0,00;0,00;0,00;0,00;0,00;0,00;0,00;0,00;0,00;0,00
2021-11-07;16,00;38,86;61,71;0,00;38,86;0,00;26,67;5,33;16,00;5,00;27,00;37,00;37,00;5,00;0,00;11,00;0,00;11,00;16,00;5,00;0,00;0,00;0,00;5,00;0,00;0,00;11,00;0,00;0,00;5,00;0,00;0,00;5,00;0,00;0,00;0,00;0,00;0,00;0,00;0,00;0,00;0,00;0,00
