Semaine;Chamonix (FR);Val Thorens (FR);Alpe d Huez (FR);Les Deux Alpes (FR);Ischgl (AT);Tignes (FR);Les Arcs (FR);Saalbach (AT);Les Ménuires (FR);Avoriaz (FR);La Plagne (FR);Sankt Anton (AT);Zermatt (CH);Flachau (AT);La Clusaz (FR);Verbier (CH);Zillertal (AT);Morzine (FR);Châtel (FR);St Moritz (DE);Les Gets (FR);Val Cenis (FR);Courchevel (FR);Mayrhofen (AT);Val Gardena (IT);Serre Chevalier (FR);Samoëns (FR);Valloire (FR);Méribel (FR);Val d Isère (FR);Megève (FR);Kitzbuhel (AT);Vars (FR);Schladming (AT);Grand Bornand (FR);Brixental (AT);Sestriere (IT);Gstaad (CH);Font Romeu (FR);St Lary (FR);Barèges (FR);La Mongie (FR);Peyragudes (FR)
2019-01-06;57,00;57,00;28,50;0,00;912,00;19,00;38,00;1900,00;19,00;7,13;7,13;520,13;163,88;731,50;9,50;38,00;950,00;0,00;0,00;155,17;0,00;0,00;0,00;152,86;31,09;0,00;8,00;0,00;24,00;23,47;0,00;241,41;0,00;197,31;0,00;179,77;0,00;24,00;0,00;0,00;0,00;0,00;0,00
2019-01-13;41,00;20,50;20,50;20,50;492,00;10,25;0,00;1599,00;0,00;6,83;13,67;416,83;109,33;430,50;10,25;30,75;471,50;9,46;15,77;138,77;9,46;7,69;0,00;256,25;56,38;0,00;24,00;0,00;16,00;0,00;6,83;187,92;0,00;88,47;0,00;209,32;0,00;0,00;0,00;0,00;0,00;0,00;0,00
2019-01-20;56,00;28,00;28,00;0,00;420,00;0,00;0,00;616,00;9,33;14,00;7,00;245,00;147,00;345,33;9,33;9,33;317,33;0,00;15,56;192,89;9,33;0,00;22,91;117,09;22,91;0,00;8,00;0,00;0,00;0,00;0,00;200,94;0,00;150,77;0,00;38,77;0,00;8,00;0,00;0,00;0,00;0,00;0,00
2019-01-27;32,00;32,00;0,00;16,00;544,00;16,00;8,00;528,00;32,00;24,00;0,00;208,00;152,00;200,00;8,00;24,00;296,00;0,00;0,00;89,60;0,00;0,00;0,00;98,67;8,00;0,00;0,00;0,00;16,00;0,00;6,40;195,20;0,00;108,80;0,00;78,93;0,00;16,00;0,00;0,00;0,00;0,00;0,00
2019-02-03;58,00;29,00;0,00;29,00;435,00;19,33;9,67;676,67;0,00;7,25;7,25;203,00;108,75;290,00;9,67;19,33;512,33;0,00;0,00;122,11;0,00;7,91;0,00;134,45;7,91;0,00;0,00;0,00;8,00;9,67;9,67;203,00;0,00;73,04;0,00;81,63;0,00;0,00;0,00;0,00;0,00;0,00;0,00
2019-02-10;17,00;8,50;17,00;0,00;204,00;8,50;8,50;459,00;0,00;8,50;8,50;314,50;119,00;195,50;0,00;34,00;391,00;27,20;0,00;125,80;0,00;8,50;8,50;116,17;8,50;0,00;8,00;0,00;17,00;0,00;10,20;197,20;0,00;138,13;0,00;80,75;8,00;17,00;0,00;0,00;0,00;0,00;0,00
2019-02-17;33,00;33,00;33,00;16,50;462,00;0,00;16,50;478,50;0,00;0,00;0,00;217,80;132,00;288,75;0,00;8,25;231,00;9,00;9,00;144,00;9,00;0,00;7,62;48,23;7,62;8,00;0,00;0,00;0,00;0,00;0,00;168,30;0,00;92,40;0,00;68,20;0,00;8,00;8,00;0,00;0,00;0,00;0,00
2019-02-24;26,00;26,00;26,00;13,00;312,00;13,00;0,00;572,00;0,00;6,50;0,00;188,50;149,50;225,33;0,00;17,33;277,33;0,00;0,00;133,25;0,00;7,80;0,00;67,60;0,00;0,00;9,00;0,00;0,00;0,00;0,00;94,25;0,00;84,50;0,00;43,33;0,00;0,00;0,00;0,00;0,00;0,00;0,00
2019-03-03;58,00;58,00;58,00;29,00;435,00;9,67;9,67;502,67;38,67;0,00;21,75;174,00;145,00;222,33;0,00;48,33;299,67;9,16;9,16;112,95;0,00;7,91;7,91;100,18;15,82;0,00;0,00;0,00;8,00;9,67;0,00;138,56;0,00;73,04;0,00;40,81;0,00;33,00;0,00;0,00;0,00;0,00;0,00
2019-03-10;49,00;24,50;49,00;0,00;465,50;0,00;0,00;408,33;16,33;14,00;14,00;273,00;112,00;284,20;9,80;39,20;352,80;9,19;15,31;79,63;0,00;0,00;7,74;105,74;33,53;0,00;8,00;0,00;16,00;16,33;0,00;173,13;0,00;78,83;0,00;46,87;0,00;8,00;8,00;0,00;0,00;0,00;0,00
2019-03-17;43,00;21,50;10,75;10,75;279,50;0,00;0,00;365,50;0,00;7,17;0,00;215,00;114,67;189,20;0,00;17,20;189,20;0,00;0,00;82,93;9,21;0,00;0,00;32,88;17,71;0,00;0,00;0,00;0,00;0,00;0,00;95,92;0,00;60,20;0,00;43,00;0,00;9,00;0,00;0,00;0,00;0,00;0,00
2019-03-24;42,00;10,50;42,00;0,00;231,00;10,50;0,00;294,00;0,00;0,00;7,00;140,00;133,00;58,80;0,00;16,80;184,80;0,00;9,00;24,00;0,00;0,00;0,00;68,25;0,00;0,00;0,00;0,00;17,00;0,00;9,69;74,31;0,00;65,10;0,00;0,00;0,00;0,00;0,00;0,00;0,00;8,00;8,00
2019-03-31;9,00;0,00;0,00;18,00;180,00;0,00;9,00;180,00;0,00;0,00;0,00;225,00;126,00;81,00;0,00;9,00;108,00;15,00;0,00;105,00;0,00;0,00;9,00;78,00;0,00;0,00;0,00;0,00;9,00;0,00;0,00;87,00;0,00;9,00;0,00;0,00;0,00;0,00;0,00;0,00;0,00;0,00;0,00
2019-04-07;42,00;21,00;21,00;21,00;126,00;10,50;0,00;147,00;0,00;0,00;0,00;84,00;63,00;75,60;0,00;0,00;168,00;0,00;0,00;51,69;0,00;0,00;0,00;68,25;15,75;0,00;0,00;8,00;0,00;0,00;0,00;74,31;0,00;33,16;0,00;0,00;0,00;8,00;0,00;0,00;0,00;0,00;0,00
2019-04-14;18,00;9,00;0,00;0,00;180,00;18,00;0,00;90,00;0,00;0,00;0,00;90,00;90,00;45,00;9,00;9,00;153,00;0,00;0,00;63,00;0,00;0,00;0,00;36,00;0,00;0,00;0,00;0,00;0,00;0,00;0,00;60,00;0,00;8,00;0,00;60,00;0,00;0,00;0,00;0,00;0,00;0,00;0,00
2019-04-21;36,00;0,00;36,00;18,00;252,00;0,00;9,00;90,00;0,00;0,00;0,00;108,00;43,20;45,00;0,00;0,00;117,00;9,82;0,00;85,09;0,00;0,00;0,00;51,43;0,00;0,00;0,00;0,00;0,00;0,00;0,00;52,36;0,00;27,00;0,00;45,00;0,00;0,00;0,00;0,00;0,00;0,00;0,00
2019-04-28;33,00;0,00;16,50;0,00;264,00;8,25;0,00;82,50;0,00;0,00;0,00;46,20;46,20;49,50;0,00;33,00;156,75;0,00;0,00;33,00;0,00;0,00;0,00;33,00;0,00;0,00;0,00;0,00;0,00;9,90;0,00;66,00;0,00;50,60;0,00;33,00;0,00;0,00;0,00;0,00;0,00;0,00;0,00
2019-05-05;25,00;12,50;0,00;0,00;75,00;12,50;0,00;125,00;0,00;0,00;0,00;50,00;91,67;41,67;0,00;8,33;108,33;0,00;0,00;40,63;0,00;0,00;0,00;52,78;0,00;0,00;0,00;0,00;0,00;0,00;0,00;71,43;0,00;43,18;0,00;59,09;0,00;8,00;0,00;0,00;0,00;0,00;0,00
2019-05-12;26,00;0,00;13,00;0,00;104,00;0,00;0,00;130,00;0,00;0,00;0,00;32,50;71,50;52,00;0,00;0,00;121,33;0,00;16,25;61,75;9,75;0,00;0,00;52,00;7,80;0,00;0,00;0,00;9,00;0,00;0,00;58,50;0,00;34,67;0,00;17,33;0,00;0,00;0,00;0,00;0,00;0,00;0,00
2019-05-19;17,00;8,50;0,00;0,00;68,00;17,00;0,00;102,00;0,00;0,00;0,00;68,00;76,50;25,50;25,50;17,00;102,00;0,00;0,00;44,20;10,20;0,00;17,00;36,83;0,00;0,00;0,00;0,00;0,00;0,00;10,20;17,00;0,00;31,88;0,00;25,50;0,00;0,00;0,00;0,00;0,00;0,00;0,00
2019-05-26;26,00;0,00;26,00;0,00;52,00;13,00;0,00;156,00;0,00;0,00;0,00;26,00;45,50;60,67;8,67;0,00;182,00;9,75;9,75;152,75;0,00;0,00;0,00;78,00;0,00;0,00;0,00;0,00;0,00;0,00;0,00;84,50;0,00;69,33;0,00;17,33;0,00;0,00;0,00;0,00;0,00;0,00;0,00
2019-06-02;67,00;11,17;22,33;0,00;111,67;0,00;0,00;167,50;0,00;0,00;0,00;89,33;59,56;95,71;0,00;0,00;201,00;0,00;0,00;76,57;0,00;0,00;0,00;48,96;0,00;0,00;0,00;0,00;0,00;0,00;10,05;67,00;0,00;32,42;0,00;0,00;0,00;8,00;0,00;0,00;0,00;0,00;0,00
2019-06-09;60,00;10,00;10,00;0,00;60,00;0,00;0,00;260,00;0,00;0,00;0,00;52,50;60,00;171,43;0,00;8,57;257,14;9,47;0,00;94,74;9,47;0,00;0,00;52,17;0,00;0,00;0,00;0,00;0,00;0,00;0,00;103,33;0,00;57,86;0,00;75,00;0,00;0,00;0,00;0,00;0,00;0,00;0,00
2019-06-16;26,00;13,00;26,00;0,00;104,00;13,00;0,00;312,00;0,00;0,00;6,50;110,50;52,00;69,33;0,00;0,00;260,00;9,75;9,75;26,00;0,00;0,00;0,00;85,80;0,00;0,00;0,00;0,00;0,00;9,75;0,00;61,75;0,00;17,33;0,00;34,67;0,00;0,00;0,00;0,00;0,00;0,00;0,00
2019-06-23;17,00;8,50;17,00;8,50;68,00;0,00;8,50;204,00;0,00;0,00;8,50;17,00;59,50;93,50;0,00;0,00;187,00;0,00;0,00;64,60;0,00;0,00;0,00;31,57;17,00;0,00;9,00;0,00;0,00;0,00;0,00;71,40;0,00;34,00;0,00;8,50;0,00;0,00;0,00;0,00;0,00;0,00;0,00
2019-06-30;34,00;0,00;68,00;34,00;170,00;8,50;0,00;187,00;0,00;0,00;0,00;129,20;88,40;110,50;0,00;25,50;187,00;0,00;0,00;34,00;0,00;0,00;0,00;49,69;0,00;0,00;0,00;0,00;8,00;0,00;0,00;88,40;0,00;25,50;0,00;31,88;0,00;0,00;0,00;0,00;0,00;0,00;0,00
2019-07-07;59,00;14,75;14,75;0,00;147,50;9,83;0,00;314,67;0,00;0,00;0,00;110,63;177,00;157,33;0,00;49,17;285,17;0,00;9,32;65,21;15,53;0,00;15,39;130,83;0,00;0,00;0,00;0,00;8,00;0,00;9,83;85,22;0,00;59,00;0,00;26,22;8,00;17,00;8,00;0,00;0,00;0,00;0,00
2019-07-14;79,00;13,17;26,33;0,00;158,00;0,00;0,00;414,75;0,00;0,00;0,00;71,82;64,64;87,78;0,00;8,78;289,67;0,00;0,00;44,24;18,96;0,00;0,00;97,43;7,90;0,00;0,00;0,00;18,00;0,00;0,00;52,67;0,00;76,86;0,00;17,08;0,00;0,00;9,00;0,00;0,00;0,00;0,00
2019-07-21;100,00;50,00;75,00;0,00;125,00;20,00;0,00;300,00;0,00;0,00;0,00;92,86;228,57;154,55;0,00;27,27;263,64;0,00;0,00;100,00;0,00;0,00;0,00;97,44;0,00;0,00;0,00;45,00;0,00;9,68;9,68;35,48;0,00;126,09;0,00;0,00;0,00;0,00;0,00;0,00;0,00;0,00;0,00
2019-07-28;44,00;0,00;11,00;0,00;132,00;0,00;11,00;286,00;0,00;7,33;0,00;132,00;124,67;105,60;0,00;26,40;228,80;0,00;18,86;69,14;0,00;7,76;0,00;95,76;7,76;0,00;0,00;0,00;0,00;0,00;0,00;118,46;0,00;79,20;0,00;52,80;0,00;0,00;0,00;0,00;0,00;0,00;0,00
2019-08-04;18,00;0,00;9,00;0,00;72,00;0,00;0,00;306,00;9,00;9,00;0,00;90,00;126,00;117,00;0,00;18,00;369,00;0,00;0,00;93,00;0,00;0,00;0,00;25,71;0,00;0,00;9,00;0,00;9,00;10,80;0,00;39,60;0,00;83,25;9,00;36,00;0,00;0,00;0,00;0,00;0,00;0,00;0,00
2019-08-11;26,00;26,00;13,00;13,00;130,00;13,00;0,00;416,00;0,00;0,00;0,00;78,00;84,50;130,00;0,00;17,33;234,00;0,00;9,75;107,25;0,00;0,00;0,00;93,60;0,00;0,00;0,00;9,00;0,00;9,75;0,00;152,75;0,00;52,00;8,67;67,17;0,00;0,00;0,00;9,00;0,00;0,00;0,00
2019-08-18;44,00;11,00;0,00;11,00;198,00;11,00;0,00;286,00;11,00;0,00;7,33;168,67;117,33;149,60;0,00;17,60;281,60;0,00;0,00;78,57;0,00;0,00;0,00;69,88;7,76;0,00;0,00;0,00;9,00;0,00;0,00;37,23;0,00;61,60;0,00;35,20;0,00;0,00;0,00;0,00;0,00;0,00;0,00
2019-08-25;34,00;34,00;34,00;0,00;170,00;0,00;0,00;272,00;8,50;0,00;0,00;40,80;88,40;68,00;0,00;17,00;255,00;0,00;9,27;102,00;0,00;0,00;0,00;102,00;0,00;0,00;0,00;0,00;17,00;0,00;0,00;71,40;0,00;51,00;8,50;17,00;0,00;9,00;0,00;0,00;0,00;0,00;0,00
2019-09-01;50,00;12,50;25,00;0,00;150,00;0,00;8,33;233,33;8,33;0,00;0,00;71,43;114,29;80,00;10,00;0,00;280,00;9,38;0,00;65,63;0,00;0,00;7,89;34,21;0,00;0,00;0,00;0,00;0,00;0,00;10,00;83,33;0,00;50,00;0,00;67,39;0,00;0,00;0,00;0,00;0,00;0,00;0,00
2019-09-08;34,00;0,00;17,00;0,00;204,00;0,00;0,00;255,00;0,00;0,00;0,00;88,40;88,40;85,00;8,50;17,00;170,00;9,27;0,00;108,18;0,00;0,00;0,00;91,54;26,15;8,00;0,00;8,00;0,00;0,00;0,00;51,00;0,00;61,20;0,00;9,07;0,00;0,00;0,00;0,00;0,00;0,00;0,00
2019-09-15;25,00;25,00;25,00;12,50;100,00;0,00;12,50;425,00;0,00;0,00;0,00;50,00;62,50;41,67;0,00;8,33;225,00;0,00;0,00;59,38;0,00;0,00;7,50;47,50;15,00;0,00;0,00;0,00;0,00;9,38;0,00;71,88;0,00;64,58;0,00;56,25;0,00;0,00;0,00;0,00;0,00;0,00;0,00
2019-09-22;25,00;12,50;12,50;12,50;75,00;12,50;0,00;225,00;0,00;8,33;0,00;91,67;133,33;116,67;0,00;8,33;183,33;15,63;0,00;34,38;0,00;15,00;7,50;135,00;15,00;0,00;0,00;0,00;0,00;25,00;0,00;56,25;0,00;43,18;0,00;25,00;0,00;0,00;0,00;0,00;0,00;0,00;0,00
2019-09-29;25,00;25,00;12,50;0,00;175,00;0,00;0,00;275,00;25,00;0,00;0,00;116,67;108,33;83,33;8,33;0,00;333,33;9,38;9,38;81,25;0,00;7,50;15,00;80,00;7,50;0,00;0,00;0,00;8,00;0,00;0,00;103,13;0,00;59,09;0,00;43,18;0,00;0,00;0,00;8,00;0,00;0,00;0,00
2019-10-06;25,00;12,50;0,00;25,00;175,00;0,00;0,00;250,00;0,00;0,00;0,00;58,33;108,33;108,33;0,00;0,00;208,33;0,00;0,00;56,25;9,38;0,00;8,33;44,44;16,67;0,00;8,00;0,00;0,00;15,63;6,25;181,25;0,00;68,18;0,00;9,09;0,00;8,00;0,00;0,00;0,00;0,00;0,00
2019-10-13;25,00;25,00;0,00;0,00;200,00;25,00;0,00;250,00;12,50;0,00;8,33;125,00;91,67;66,67;0,00;8,33;175,00;0,00;0,00;90,63;0,00;0,00;0,00;47,50;7,50;0,00;0,00;0,00;0,00;0,00;0,00;118,75;0,00;86,36;0,00;25,00;0,00;8,00;8,00;0,00;0,00;0,00;0,00
2019-10-20;8,00;16,00;8,00;8,00;112,00;8,00;0,00;176,00;0,00;0,00;0,00;40,00;88,00;72,00;8,00;0,00;184,00;8,00;0,00;40,00;0,00;0,00;8,00;80,00;24,00;0,00;8,00;0,00;0,00;0,00;0,00;116,00;0,00;66,00;0,00;50,00;0,00;0,00;0,00;0,00;0,00;0,00;0,00
2019-10-27;24,00;24,00;0,00;0,00;168,00;24,00;0,00;312,00;0,00;0,00;0,00;104,00;56,00;112,00;0,00;0,00;208,00;0,00;0,00;105,00;0,00;0,00;8,00;48,00;0,00;0,00;8,00;0,00;8,00;0,00;0,00;58,29;0,00;39,27;0,00;30,55;8,00;8,00;0,00;0,00;0,00;0,00;0,00
2019-11-03;31,00;62,00;0,00;0,00;341,00;7,75;0,00;263,50;0,00;0,00;15,50;170,50;100,75;196,33;0,00;10,33;258,33;0,00;6,20;52,70;0,00;0,00;0,00;62,00;7,75;0,00;0,00;0,00;8,00;6,89;0,00;96,44;6,89;55,36;0,00;39,86;0,00;8,00;0,00;0,00;0,00;0,00;0,00
2019-11-10;24,00;24,00;24,00;24,00;264,00;12,00;0,00;384,00;0,00;0,00;0,00;168,00;96,00;136,00;0,00;24,00;152,00;0,00;0,00;90,00;0,00;0,00;0,00;56,00;24,00;0,00;0,00;0,00;16,00;0,00;0,00;147,43;0,00;93,82;0,00;48,00;0,00;8,00;0,00;0,00;0,00;0,00;0,00
2019-11-17;15,00;15,00;7,50;7,50;180,00;15,00;0,00;210,00;0,00;7,50;7,50;135,00;97,50;165,00;0,00;22,50;195,00;0,00;0,00;96,00;0,00;0,00;0,00;90,00;30,00;0,00;0,00;0,00;0,00;6,00;0,00;135,00;0,00;68,57;8,57;23,57;0,00;8,00;0,00;0,00;0,00;0,00;0,00
2019-11-24;8,00;8,00;8,00;0,00;256,00;16,00;8,00;272,00;16,00;0,00;0,00;184,00;32,00;112,00;0,00;8,00;208,00;0,00;0,00;116,00;0,00;0,00;0,00;37,33;16,00;0,00;0,00;8,00;8,00;8,00;0,00;140,00;0,00;64,00;0,00;56,00;0,00;8,00;0,00;0,00;0,00;0,00;0,00
2019-12-01;24,00;24,00;0,00;0,00;432,00;24,00;0,00;456,00;0,00;0,00;0,00;264,00;128,00;224,00;8,00;24,00;184,00;0,00;6,00;84,00;0,00;8,00;0,00;80,00;24,00;0,00;0,00;0,00;8,00;17,14;0,00;106,29;0,00;85,09;0,00;54,55;0,00;8,00;0,00;0,00;0,00;0,00;0,00
2019-12-08;55,00;55,00;13,75;13,75;385,00;18,33;0,00;476,67;18,33;13,75;6,88;247,50;137,50;183,33;0,00;18,33;275,00;6,47;0,00;226,47;0,00;0,00;0,00;70,71;7,86;0,00;8,00;0,00;8,00;0,00;6,47;184,41;0,00;79,20;0,00;55,00;0,00;0,00;0,00;0,00;0,00;0,00;0,00
2019-12-15;47,00;47,00;11,75;23,50;305,50;0,00;15,67;548,33;7,83;0,00;13,43;188,00;147,71;216,20;18,80;28,20;263,20;0,00;15,67;125,33;0,00;7,83;31,33;78,33;7,83;0,00;0,00;0,00;8,00;21,93;0,00;112,80;0,00;91,86;8,55;61,95;0,00;8,00;8,00;0,00;0,00;0,00;0,00
2019-12-22;82,00;27,33;13,67;13,67;601,33;20,50;10,25;1045,50;0,00;22,36;0,00;342,91;223,64;455,56;9,11;54,67;592,22;9,46;0,00;192,38;0,00;0,00;0,00;135,81;25,63;0,00;0,00;0,00;18,00;9,84;0,00;265,68;0,00;135,95;36,68;82,00;0,00;18,00;0,00;0,00;9,00;9,00;0,00
2019-12-29;25,00;25,00;25,00;0,00;625,00;0,00;12,50;1125,00;25,00;12,50;0,00;312,50;162,50;325,00;8,33;41,67;575,00;15,63;15,63;303,13;0,00;0,00;15,00;160,00;25,00;0,00;0,00;0,00;0,00;9,38;0,00;312,50;0,00;120,83;0,00;129,17;0,00;8,00;0,00;0,00;0,00;0,00;0,00
2020-01-05;53,00;26,50;13,25;13,25;450,50;8,83;17,67;777,33;17,67;0,00;15,14;287,71;143,86;273,83;0,00;35,33;441,67;6,24;6,24;127,82;0,00;0,00;7,95;106,00;31,80;0,00;0,00;8,00;15,00;0,00;0,00;188,81;0,00;220,83;0,00;106,00;0,00;8,00;0,00;0,00;0,00;0,00;0,00
2020-01-12;58,00;29,00;29,00;29,00;493,00;0,00;0,00;599,33;0,00;0,00;21,75;311,75;123,25;522,00;9,67;19,33;464,00;0,00;6,44;186,89;0,00;0,00;0,00;131,82;36,91;0,00;0,00;0,00;7,00;22,56;0,00;177,22;12,89;126,74;0,00;64,44;14,00;7,00;0,00;0,00;0,00;0,00;0,00
2020-01-19;30,00;30,00;30,00;30,00;540,00;7,50;0,00;585,00;7,50;0,00;7,50;210,00;97,50;260,00;0,00;40,00;480,00;0,00;6,00;156,00;6,00;0,00;8,18;147,27;54,55;0,00;0,00;0,00;15,00;0,00;6,67;286,67;0,00;109,29;0,00;57,86;7,00;0,00;0,00;0,00;0,00;0,00;7,00
2020-01-26;37,00;18,50;18,50;0,00;259,00;9,25;18,50;592,00;18,50;0,00;7,40;251,60;74,00;296,00;9,25;18,50;434,75;6,17;6,17;117,17;0,00;0,00;0,00;97,79;7,93;0,00;15,00;0,00;15,00;16,82;0,00;198,45;0,00;171,94;0,00;67,47;0,00;15,00;0,00;0,00;0,00;0,00;0,00
2020-02-02;51,00;12,75;0,00;25,50;408,00;8,50;17,00;663,00;0,00;7,29;0,00;211,29;87,43;255,00;0,00;8,50;416,50;0,00;6,38;73,31;6,38;0,00;0,00;122,40;15,30;0,00;0,00;0,00;7,00;0,00;0,00;137,06;0,00;114,75;0,00;78,63;0,00;15,00;7,00;0,00;0,00;0,00;0,00
2020-02-09;65,00;21,67;21,67;10,83;281,67;10,83;10,83;1018,33;0,00;0,00;7,22;245,56;144,44;232,14;9,29;18,57;343,57;0,00;0,00;120,71;6,19;0,00;7,80;93,60;28,60;0,00;0,00;0,00;7,00;0,00;0,00;172,25;0,00;86,67;0,00;58,50;7,00;0,00;0,00;0,00;0,00;0,00;0,00
2020-02-16;37,00;9,25;18,50;0,00;166,50;9,25;0,00;499,50;18,50;0,00;0,00;310,80;177,60;222,00;0,00;18,50;388,50;0,00;6,17;154,17;0,00;0,00;0,00;105,71;29,07;0,00;0,00;0,00;15,00;23,55;0,00;90,82;0,00;111,00;0,00;67,47;0,00;7,00;0,00;0,00;0,00;0,00;0,00
2020-02-23;51,00;25,50;12,75;0,00;306,00;17,00;0,00;425,00;0,00;21,86;0,00;233,14;102,00;136,00;0,00;17,00;306,00;0,00;0,00;133,88;0,00;0,00;0,00;84,15;15,30;0,00;0,00;0,00;0,00;12,75;0,00;111,56;0,00;88,70;0,00;51,00;0,00;0,00;0,00;0,00;0,00;0,00;0,00
2020-03-01;50,00;50,00;25,00;50,00;400,00;8,33;0,00;500,00;0,00;0,00;0,00;221,43;128,57;200,00;0,00;8,33;300,00;0,00;0,00;109,38;6,25;7,89;7,89;65,79;15,79;0,00;0,00;0,00;22,00;6,67;0,00;160,00;0,00;65,22;0,00;43,48;0,00;0,00;0,00;0,00;0,00;0,00;0,00
2020-03-08;70,00;70,00;23,33;23,33;2333,33;17,50;17,50;840,00;17,50;7,00;14,00;700,00;161,00;262,50;8,75;17,50;603,75;0,00;6,36;127,27;0,00;12,96;20,74;158,15;124,44;0,00;0,00;0,00;28,00;20,00;6,67;126,67;0,00;124,69;0,00;41,56;0,00;14,00;0,00;0,00;0,00;0,00;0,00
2020-03-15;34,00;0,00;34,00;34,00;1972,00;17,00;0,00;153,00;8,50;0,00;0,00;122,40;61,20;102,00;0,00;8,50;246,50;0,00;0,00;34,00;0,00;0,00;13,08;34,00;7,85;7,00;0,00;0,00;20,00;0,00;6,80;6,80;0,00;25,50;0,00;12,75;0,00;7,00;0,00;0,00;0,00;0,00;0,00
2020-03-22;7,00;0,00;7,00;7,00;504,00;0,00;7,00;28,00;0,00;0,00;0,00;49,00;49,00;49,00;0,00;0,00;105,00;0,00;0,00;59,50;0,00;0,00;0,00;23,33;0,00;0,00;0,00;0,00;7,00;0,00;0,00;14,00;0,00;0,00;0,00;7,00;0,00;7,00;0,00;0,00;0,00;0,00;0,00
2020-03-29;13,00;6,50;0,00;0,00;351,00;0,00;0,00;39,00;0,00;6,50;0,00;19,50;39,00;91,00;0,00;13,00;117,00;0,00;0,00;35,75;0,00;0,00;0,00;13,00;0,00;0,00;0,00;0,00;0,00;0,00;0,00;6,50;0,00;13,00;0,00;19,50;0,00;7,00;0,00;0,00;0,00;0,00;0,00
2020-04-05;0,00;0,50;0,50;0,00;18,00;0,00;0,00;1,00;0,00;0,00;0,00;8,00;10,00;6,00;0,00;0,00;5,00;0,00;0,00;19,00;2,00;0,00;0,00;14,00;0,00;0,00;0,00;7,00;0,00;0,00;0,00;7,00;0,00;3,00;0,00;0,00;0,00;0,00;0,00;0,00;0,00;0,00;0,00
2020-04-12;21,00;0,00;0,00;0,00;252,00;0,00;0,00;63,00;0,00;0,00;0,00;28,00;84,00;42,00;0,00;0,00;73,50;0,00;0,00;87,00;0,00;0,00;0,00;7,88;7,88;0,00;0,00;0,00;0,00;0,00;0,00;38,50;0,00;12,60;0,00;0,00;0,00;0,00;0,00;0,00;0,00;0,00;0,00
2020-04-19;7,00;0,00;14,00;7,00;112,00;0,00;0,00;14,00;0,00;0,00;0,00;7,00;42,00;7,00;0,00;7,00;49,00;7,00;0,00;129,50;0,00;0,00;0,00;0,00;0,00;0,00;0,00;0,00;0,00;0,00;0,00;14,00;0,00;7,00;0,00;7,00;0,00;0,00;0,00;0,00;0,00;0,00;0,00
2020-04-26;20,00;0,00;10,00;0,00;140,00;0,00;0,00;40,00;0,00;0,00;0,00;20,00;33,33;20,00;0,00;0,00;60,00;0,00;0,00;26,67;6,67;0,00;7,50;7,50;0,00;0,00;0,00;0,00;0,00;0,00;0,00;0,00;0,00;13,33;0,00;6,67;0,00;0,00;0,00;0,00;0,00;0,00;0,00
2020-05-03;7,00;0,00;0,00;0,00;84,00;0,00;0,00;56,00;0,00;0,00;0,00;21,00;28,00;14,00;0,00;7,00;84,00;0,00;0,00;14,00;0,00;0,00;0,00;11,67;0,00;0,00;0,00;0,00;0,00;0,00;0,00;0,00;0,00;7,00;0,00;28,00;0,00;0,00;0,00;0,00;0,00;0,00;0,00
2020-05-10;7,00;0,00;0,00;0,00;112,00;0,00;7,00;84,00;0,00;0,00;0,00;14,00;56,00;21,00;0,00;7,00;63,00;0,00;0,00;31,50;0,00;0,00;0,00;11,67;0,00;0,00;0,00;0,00;0,00;0,00;0,00;21,00;0,00;7,00;0,00;7,00;0,00;7,00;0,00;0,00;0,00;0,00;0,00
2020-05-17;22,00;11,00;22,00;0,00;88,00;0,00;0,00;154,00;0,00;0,00;0,00;36,67;88,00;55,00;22,00;11,00;198,00;0,00;0,00;66,00;0,00;0,00;0,00;52,25;0,00;0,00;0,00;0,00;0,00;0,00;0,00;47,14;0,00;22,00;0,00;22,00;0,00;0,00;0,00;0,00;0,00;0,00;0,00
2020-05-24;35,00;0,00;0,00;0,00;210,00;8,75;0,00;87,50;0,00;0,00;0,00;14,00;77,00;26,25;0,00;8,75;96,25;0,00;0,00;28,64;6,36;0,00;8,08;29,62;0,00;0,00;7,00;7,00;0,00;6,36;0,00;25,45;0,00;13,13;0,00;41,56;0,00;7,00;0,00;0,00;0,00;0,00;0,00
2020-05-31;20,00;20,00;0,00;0,00;120,00;0,00;0,00;140,00;0,00;0,00;0,00;26,67;53,33;70,00;10,00;10,00;170,00;0,00;0,00;54,29;0,00;0,00;0,00;32,50;0,00;0,00;0,00;0,00;7,00;0,00;0,00;63,33;0,00;20,00;0,00;13,33;0,00;14,00;0,00;0,00;0,00;0,00;0,00
2020-06-07;20,00;10,00;10,00;0,00;160,00;10,00;0,00;340,00;10,00;6,67;0,00;53,33;80,00;80,00;10,00;10,00;210,00;0,00;5,71;57,14;5,71;0,00;0,00;45,00;0,00;0,00;0,00;0,00;0,00;0,00;0,00;96,67;0,00;48,89;0,00;20,00;7,00;14,00;0,00;0,00;0,00;0,00;0,00
2020-06-14;0,00;0,00;0,00;0,00;5,00;0,00;0,00;13,00;0,00;0,00;0,00;7,00;15,00;9,00;0,00;2,00;28,00;0,00;0,00;33,00;0,00;0,00;3,00;26,00;0,00;0,00;0,00;7,00;0,00;4,00;0,00;25,00;0,00;9,00;0,00;9,00;0,00;0,00;0,00;0,00;0,00;0,00;0,00
2020-06-21;0,00;0,50;0,00;0,00;14,00;0,50;0,00;17,00;0,00;0,00;0,00;8,00;14,00;11,00;0,00;0,00;21,00;0,00;0,00;23,00;2,00;0,00;0,00;28,00;0,00;0,00;0,00;7,00;0,00;0,00;0,00;20,00;0,00;26,00;0,00;10,00;0,00;0,00;7,00;0,00;0,00;0,00;0,00
2020-06-28;42,00;10,50;10,50;0,00;189,00;0,00;0,00;336,00;0,00;7,00;14,00;49,00;84,00;92,40;0,00;42,00;235,20;0,00;0,00;35,54;0,00;0,00;0,00;84,00;0,00;7,00;7,00;0,00;0,00;0,00;0,00;67,85;0,00;64,11;0,00;42,00;0,00;7,00;0,00;0,00;0,00;0,00;0,00
2020-07-05;29,00;14,50;29,00;0,00;203,00;0,00;14,50;232,00;0,00;0,00;0,00;130,50;65,25;135,33;0,00;9,67;367,33;0,00;0,00;61,22;0,00;0,00;0,00;36,91;0,00;0,00;0,00;0,00;0,00;0,00;0,00;87,00;6,44;62,14;0,00;26,93;0,00;0,00;0,00;0,00;0,00;0,00;0,00
2020-07-12;38,00;9,50;0,00;0,00;114,00;9,50;0,00;380,00;0,00;7,60;7,60;98,80;121,60;95,00;0,00;19,00;323,00;0,00;6,33;98,17;0,00;0,00;0,00;108,57;8,14;0,00;0,00;0,00;0,00;0,00;0,00;103,64;0,00;46,94;0,00;53,65;0,00;0,00;0,00;0,00;0,00;0,00;0,00
2020-07-19;23,00;11,50;23,00;0,00;92,00;0,00;0,00;483,00;0,00;0,00;0,00;122,67;130,33;92,00;0,00;0,00;314,33;0,00;0,00;78,86;0,00;0,00;0,00;66,44;0,00;0,00;0,00;0,00;0,00;0,00;0,00;236,57;0,00;81,55;0,00;96,18;0,00;8,00;0,00;0,00;0,00;0,00;0,00
2020-07-26;23,00;11,50;11,50;11,50;69,00;11,50;0,00;391,00;0,00;7,67;0,00;92,00;130,33;46,00;0,00;23,00;268,33;0,00;6,57;49,29;0,00;0,00;7,67;76,67;0,00;0,00;8,00;0,00;8,00;0,00;0,00;170,86;0,00;73,18;0,00;14,64;0,00;0,00;0,00;0,00;0,00;0,00;0,00
2020-08-02;47,00;11,75;23,50;0,00;94,00;11,75;0,00;517,00;0,00;0,00;0,00;94,00;127,57;103,40;0,00;9,40;291,40;0,00;15,67;115,93;15,67;0,00;0,00;78,33;0,00;0,00;0,00;0,00;0,00;0,00;0,00;127,57;0,00;44,86;0,00;38,45;0,00;0,00;0,00;0,00;0,00;0,00;0,00
2020-08-09;61,00;10,17;20,33;0,00;101,67;0,00;10,17;345,67;0,00;0,00;0,00;83,88;129,63;43,57;0,00;26,14;244,00;6,42;0,00;70,63;0,00;0,00;0,00;61,00;0,00;0,00;0,00;0,00;8,00;0,00;16,05;89,89;0,00;67,54;0,00;30,50;0,00;0,00;0,00;0,00;0,00;0,00;0,00
2020-08-16;46,00;0,00;23,00;11,50;115,00;0,00;0,00;299,00;0,00;0,00;0,00;92,00;92,00;92,00;0,00;27,60;285,20;6,13;0,00;88,93;0,00;0,00;0,00;150,78;0,00;0,00;0,00;0,00;0,00;0,00;0,00;52,57;6,57;76,67;0,00;61,33;0,00;8,00;0,00;0,00;0,00;0,00;0,00
2020-08-23;30,00;0,00;30,00;0,00;120,00;7,50;0,00;255,00;0,00;7,50;0,00;112,50;217,50;90,00;0,00;20,00;430,00;0,00;0,00;57,00;0,00;0,00;0,00;37,50;7,50;8,00;0,00;8,00;0,00;0,00;0,00;93,33;0,00;30,00;0,00;21,43;0,00;8,00;0,00;0,00;0,00;0,00;0,00
2020-08-30;38,00;0,00;19,00;9,50;76,00;9,50;0,00;209,00;0,00;0,00;0,00;121,60;106,40;104,50;0,00;19,00;351,50;15,83;0,00;69,67;6,33;0,00;7,60;96,27;0,00;8,00;0,00;8,00;0,00;0,00;6,33;107,67;0,00;46,94;0,00;62,59;0,00;15,00;0,00;0,00;0,00;0,00;0,00
2020-09-06;15,00;0,00;7,50;0,00;60,00;0,00;15,00;195,00;0,00;0,00;0,00;120,00;127,50;45,00;0,00;15,00;232,50;0,00;0,00;36,00;0,00;0,00;0,00;65,00;0,00;0,00;8,00;0,00;0,00;0,00;0,00;99,00;0,00;51,43;0,00;21,43;8,00;8,00;0,00;0,00;0,00;0,00;0,00
2020-09-13;30,00;15,00;30,00;0,00;90,00;0,00;0,00;150,00;0,00;0,00;0,00;90,00;82,50;60,00;0,00;10,00;280,00;0,00;0,00;51,00;0,00;0,00;15,00;45,00;15,00;0,00;0,00;0,00;23,00;0,00;0,00;93,33;0,00;30,00;0,00;21,43;0,00;8,00;0,00;0,00;0,00;0,00;0,00
2020-09-20;15,00;7,50;15,00;7,50;120,00;7,50;7,50;180,00;0,00;0,00;0,00;75,00;82,50;52,50;0,00;0,00;157,50;6,00;0,00;42,00;0,00;0,00;7,50;35,00;0,00;7,00;0,00;0,00;7,00;6,00;0,00;81,00;0,00;36,43;0,00;36,43;7,00;0,00;0,00;0,00;0,00;0,00;0,00
2020-09-27;45,00;22,50;22,50;0,00;135,00;22,50;0,00;225,00;11,25;0,00;0,00;22,50;67,50;90,00;0,00;0,00;153,00;0,00;0,00;57,00;0,00;0,00;0,00;22,50;0,00;0,00;0,00;0,00;0,00;0,00;0,00;22,50;0,00;21,43;0,00;15,00;0,00;8,00;0,00;0,00;0,00;0,00;0,00
2020-10-04;15,00;7,50;0,00;0,00;30,00;7,50;0,00;150,00;0,00;0,00;0,00;37,50;127,50;45,00;0,00;7,50;97,50;0,00;0,00;72,00;0,00;0,00;0,00;30,00;0,00;0,00;0,00;0,00;0,00;0,00;0,00;63,00;0,00;30,00;0,00;6,43;0,00;0,00;0,00;0,00;0,00;0,00;0,00
2020-10-11;8,00;8,00;0,00;0,00;48,00;0,00;0,00;128,00;0,00;0,00;0,00;56,00;120,00;64,00;0,00;16,00;72,00;0,00;8,00;53,33;0,00;0,00;0,00;24,00;8,00;0,00;0,00;0,00;0,00;0,00;0,00;40,00;8,00;22,00;0,00;14,00;0,00;0,00;0,00;0,00;0,00;0,00;0,00
2020-10-18;0,00;1,00;0,50;0,00;2,00;0,00;1,00;4,00;0,50;1,00;0,00;3,00;8,00;3,00;0,00;2,00;8,00;0,00;0,00;25,00;2,00;0,00;0,00;0,00;3,00;0,00;0,00;0,00;0,00;0,00;0,00;12,00;0,00;7,00;0,00;4,00;0,00;0,00;0,00;0,00;0,00;0,00;0,00
2020-10-25;0,00;0,50;0,00;0,00;4,00;0,00;0,00;5,00;0,00;1,00;0,00;1,00;5,00;2,00;0,00;1,00;8,00;0,00;0,00;7,00;0,00;0,00;0,00;15,00;0,00;0,00;0,00;0,00;0,00;0,00;0,00;9,00;0,00;0,00;0,00;3,00;0,00;8,00;0,00;0,00;0,00;0,00;0,00
2020-11-01;7,00;0,00;0,00;0,00;28,00;0,00;0,00;56,00;0,00;7,00;0,00;21,00;84,00;7,00;0,00;0,00;49,00;0,00;0,00;38,50;0,00;0,00;0,00;18,67;7,00;0,00;0,00;0,00;0,00;0,00;0,00;7,00;0,00;7,00;0,00;7,00;0,00;0,00;0,00;0,00;0,00;0,00;0,00
2020-11-08;8,00;8,00;8,00;0,00;32,00;0,00;0,00;32,00;8,00;0,00;0,00;88,00;48,00;16,00;0,00;0,00;56,00;0,00;0,00;28,00;0,00;0,00;0,00;32,00;0,00;0,00;0,00;0,00;0,00;8,00;0,00;56,00;0,00;0,00;0,00;6,00;0,00;8,00;0,00;0,00;0,00;0,00;0,00
2020-11-15;15,00;0,00;0,00;0,00;60,00;0,00;0,00;45,00;0,00;0,00;0,00;52,50;105,00;22,50;0,00;15,00;52,50;0,00;0,00;63,00;0,00;0,00;0,00;22,50;0,00;0,00;0,00;0,00;0,00;6,00;0,00;6,00;0,00;0,00;0,00;15,00;0,00;7,00;0,00;0,00;0,00;0,00;0,00
2020-11-22;7,00;14,00;0,00;7,00;70,00;7,00;0,00;56,00;7,00;7,00;0,00;56,00;105,00;42,00;0,00;14,00;49,00;0,00;0,00;73,50;0,00;0,00;0,00;25,67;14,00;7,00;0,00;0,00;0,00;7,00;0,00;38,50;0,00;16,33;0,00;0,00;0,00;0,00;0,00;0,00;0,00;0,00;0,00
2020-11-29;0,00;0,00;0,50;0,00;3,00;0,50;0,00;5,00;0,00;0,00;0,00;10,00;19,00;5,00;0,00;2,00;6,00;0,00;0,00;40,00;0,00;0,00;3,00;11,00;3,00;0,00;0,00;0,00;0,00;0,00;0,00;16,00;0,00;14,00;0,00;3,00;0,00;7,00;0,00;0,00;0,00;0,00;0,00
2020-12-06;22,00;11,00;11,00;11,00;88,00;11,00;11,00;88,00;11,00;0,00;0,00;36,67;124,67;77,00;11,00;33,00;121,00;0,00;0,00;163,43;0,00;0,00;0,00;26,89;0,00;0,00;0,00;0,00;0,00;22,00;0,00;56,57;0,00;6,60;0,00;28,60;0,00;7,00;0,00;0,00;0,00;0,00;0,00
2020-12-13;22,00;0,00;11,00;0,00;88,00;0,00;0,00;110,00;0,00;7,33;0,00;14,67;139,33;44,00;0,00;11,00;44,00;0,00;6,29;94,29;0,00;0,00;8,25;22,00;0,00;0,00;0,00;0,00;0,00;28,29;0,00;22,00;0,00;6,60;0,00;6,60;0,00;0,00;0,00;0,00;0,00;0,00;0,00
2020-12-20;17,00;8,50;17,00;0,00;153,00;0,00;0,00;136,00;0,00;0,00;0,00;42,50;204,00;93,50;0,00;59,50;93,50;0,00;10,20;197,20;0,00;0,00;7,29;17,00;7,29;0,00;0,00;0,00;0,00;17,00;10,20;81,60;0,00;8,50;0,00;17,00;0,00;9,00;0,00;0,00;0,00;0,00;0,00
2020-12-27;32,00;0,00;32,00;16,00;224,00;0,00;0,00;224,00;0,00;0,00;24,00;48,00;224,00;104,00;0,00;88,00;152,00;9,60;0,00;163,20;0,00;0,00;16,00;58,67;24,00;0,00;0,00;0,00;0,00;0,00;0,00;48,00;0,00;38,40;0,00;8,53;0,00;0,00;0,00;0,00;0,00;0,00;0,00
2021-01-03;29,00;29,00;0,00;0,00;116,00;7,25;0,00;130,50;7,25;14,50;0,00;116,00;130,50;58,00;0,00;9,67;154,67;0,00;0,00;83,78;0,00;0,00;0,00;29,00;0,00;0,00;0,00;0,00;0,00;0,00;0,00;41,89;0,00;29,00;0,00;6,69;0,00;22,00;0,00;0,00;0,00;0,00;0,00
2021-01-10;14,00;0,00;0,00;0,00;84,00;0,00;0,00;126,00;0,00;7,00;7,00;42,00;133,00;266,00;0,00;7,00;42,00;0,00;0,00;70,00;7,00;0,00;0,00;22,40;0,00;0,00;0,00;0,00;14,00;0,00;0,00;59,50;0,00;37,33;0,00;7,00;0,00;7,00;0,00;0,00;0,00;0,00;0,00
2021-01-17;7,00;0,00;7,00;0,00;42,00;0,00;0,00;98,00;0,00;0,00;0,00;35,00;119,00;154,00;0,00;7,00;84,00;0,00;0,00;350,00;0,00;0,00;0,00;18,67;7,00;0,00;0,00;0,00;7,00;7,00;0,00;87,50;0,00;0,00;0,00;44,33;0,00;7,00;0,00;0,00;0,00;0,00;0,00
2021-01-24;70,00;0,00;23,33;0,00;93,33;0,00;17,50;122,50;0,00;0,00;0,00;119,00;119,00;96,25;0,00;17,50;113,75;6,36;0,00;114,55;0,00;0,00;7,78;20,74;12,96;0,00;0,00;0,00;0,00;20,00;0,00;63,33;0,00;6,56;0,00;6,56;0,00;0,00;0,00;0,00;0,00;0,00;0,00
2021-01-31;70,00;23,33;11,67;11,67;70,00;0,00;0,00;52,50;0,00;0,00;0,00;56,00;98,00;52,50;0,00;17,50;78,75;6,36;0,00;114,55;0,00;0,00;0,00;7,78;12,96;0,00;7,00;0,00;7,00;0,00;0,00;43,33;0,00;13,13;0,00;41,56;0,00;0,00;0,00;0,00;0,00;0,00;0,00
2021-02-07;14,00;0,00;14,00;0,00;112,00;7,00;0,00;42,00;0,00;14,00;0,00;49,00;112,00;35,00;0,00;14,00;49,00;5,60;0,00;128,80;0,00;0,00;0,00;0,00;11,67;0,00;7,00;0,00;7,00;0,00;0,00;45,50;0,00;20,00;0,00;20,00;0,00;7,00;0,00;0,00;0,00;0,00;0,00
2021-02-14;15,00;0,00;15,00;0,00;45,00;7,50;7,50;105,00;0,00;0,00;0,00;45,00;127,50;52,50;0,00;7,50;60,00;6,00;6,00;96,00;0,00;0,00;0,00;42,50;0,00;0,00;0,00;0,00;0,00;0,00;0,00;15,00;0,00;6,43;6,43;6,43;7,00;7,00;0,00;0,00;0,00;0,00;0,00
2021-02-21;15,00;0,00;7,50;15,00;30,00;0,00;7,50;135,00;0,00;0,00;7,50;30,00;112,50;15,00;0,00;7,50;82,50;6,00;0,00;105,00;0,00;0,00;0,00;20,00;0,00;0,00;0,00;7,00;7,00;0,00;0,00;26,25;0,00;0,00;0,00;6,43;0,00;0,00;0,00;0,00;0,00;7,00;0,00
2021-02-28;7,00;0,00;7,00;0,00;28,00;0,00;7,00;154,00;0,00;7,00;0,00;14,00;84,00;28,00;0,00;14,00;63,00;7,00;0,00;143,50;7,00;0,00;0,00;18,67;25,67;0,00;0,00;0,00;0,00;7,00;0,00;24,50;0,00;23,33;0,00;7,00;0,00;0,00;0,00;0,00;0,00;0,00;0,00
2021-03-07;21,00;0,00;0,00;0,00;126,00;10,50;0,00;168,00;10,50;0,00;0,00;28,00;126,00;21,00;0,00;52,50;84,00;0,00;0,00;54,00;0,00;0,00;0,00;21,00;0,00;0,00;0,00;0,00;0,00;7,00;0,00;7,00;0,00;27,30;0,00;12,60;0,00;7,00;0,00;0,00;0,00;0,00;0,00
2021-03-14;13,00;6,50;0,00;0,00;65,00;0,00;0,00;13,00;13,00;0,00;0,00;13,00;71,50;52,00;0,00;26,00;91,00;6,50;6,50;97,50;0,00;0,00;0,00;13,00;7,80;0,00;0,00;0,00;0,00;0,00;0,00;32,50;0,00;13,00;0,00;0,00;0,00;13,00;0,00;0,00;0,00;0,00;0,00
2021-03-21;22,00;0,00;11,00;0,00;66,00;11,00;11,00;66,00;0,00;0,00;0,00;29,33;66,00;11,00;0,00;22,00;110,00;0,00;0,00;122,57;0,00;0,00;8,25;0,00;0,00;0,00;0,00;0,00;0,00;0,00;0,00;0,00;0,00;0,00;0,00;0,00;0,00;7,00;0,00;0,00;0,00;0,00;0,00
2021-03-28;16,00;0,00;8,00;0,00;32,00;0,00;0,00;80,00;0,00;0,00;0,00;8,00;96,00;16,00;0,00;16,00;56,00;0,00;0,00;89,60;0,00;0,00;0,00;24,00;8,00;0,00;0,00;0,00;0,00;0,00;0,00;22,40;0,00;9,14;0,00;0,00;0,00;0,00;0,00;0,00;0,00;0,00;0,00
2021-04-04;15,00;0,00;0,00;0,00;30,00;0,00;7,50;60,00;7,50;0,00;0,00;30,00;112,50;37,50;0,00;7,50;45,00;0,00;6,00;72,00;0,00;0,00;0,00;7,50;0,00;0,00;0,00;0,00;0,00;0,00;0,00;21,00;0,00;30,00;0,00;6,43;0,00;0,00;0,00;0,00;0,00;0,00;0,00
2021-04-11;0,00;0,00;0,50;0,00;2,00;0,00;0,00;2,00;0,00;0,00;0,00;0,00;15,00;3,00;0,00;0,00;4,00;0,00;0,00;14,00;0,00;0,00;0,00;14,00;0,00;0,00;0,00;0,00;0,00;2,00;0,00;4,00;0,00;0,00;0,00;0,00;0,00;0,00;0,00;0,00;0,00;0,00;0,00
2021-04-18;0,00;0,00;1,00;0,00;2,00;0,00;0,00;2,00;0,00;0,00;0,00;2,00;7,00;4,00;0,00;0,00;26,00;0,00;0,00;9,00;0,00;0,00;0,00;5,00;0,00;0,00;7,00;0,00;0,00;0,00;0,00;4,00;0,00;3,00;0,00;3,00;0,00;7,00;0,00;0,00;0,00;0,00;0,00
2021-04-25;7,00;0,00;7,00;0,00;14,00;7,00;0,00;56,00;0,00;0,00;0,00;7,00;56,00;21,00;0,00;7,00;63,00;0,00;0,00;56,00;0,00;0,00;0,00;25,67;0,00;0,00;0,00;0,00;0,00;0,00;0,00;0,00;0,00;7,00;0,00;23,33;0,00;0,00;0,00;0,00;0,00;0,00;0,00
2021-05-02;14,00;0,00;0,00;0,00;14,00;0,00;7,00;56,00;7,00;0,00;0,00;35,00;91,00;14,00;0,00;0,00;70,00;0,00;0,00;63,00;0,00;0,00;0,00;30,80;8,40;0,00;0,00;0,00;0,00;0,00;0,00;28,00;0,00;44,33;0,00;14,00;0,00;0,00;0,00;0,00;0,00;0,00;0,00
2021-05-09;15,00;0,00;7,50;0,00;30,00;0,00;0,00;105,00;0,00;0,00;0,00;45,00;120,00;45,00;0,00;0,00;142,50;0,00;0,00;36,00;6,00;0,00;7,50;47,50;0,00;7,00;0,00;14,00;7,00;0,00;0,00;41,25;0,00;15,00;0,00;15,00;0,00;7,00;0,00;0,00;0,00;0,00;0,00
2021-05-16;21,00;0,00;21,00;0,00;21,00;0,00;0,00;252,00;0,00;0,00;0,00;28,00;56,00;73,50;0,00;21,00;189,00;0,00;0,00;54,00;0,00;0,00;0,00;84,00;0,00;0,00;0,00;0,00;0,00;0,00;0,00;59,50;0,00;27,30;0,00;27,30;0,00;0,00;0,00;0,00;0,00;0,00;0,00
2021-05-23;22,00;11,00;0,00;11,00;66,00;0,00;0,00;264,00;0,00;0,00;0,00;36,67;29,33;77,00;0,00;0,00;264,00;6,29;0,00;66,00;0,00;0,00;0,00;48,89;0,00;0,00;0,00;0,00;0,00;0,00;6,29;100,57;0,00;37,40;0,00;37,40;0,00;7,00;0,00;0,00;0,00;0,00;0,00
2021-05-30;8,00;0,00;0,00;0,00;32,00;8,00;0,00;144,00;8,00;0,00;0,00;88,00;104,00;40,00;16,00;8,00;208,00;0,00;8,00;88,00;0,00;0,00;0,00;40,00;0,00;0,00;0,00;0,00;0,00;0,00;0,00;124,00;0,00;42,00;8,00;28,00;0,00;8,00;8,00;0,00;0,00;0,00;0,00
2021-06-06;30,00;0,00;0,00;0,00;90,00;0,00;0,00;150,00;0,00;0,00;0,00;22,50;210,00;90,00;0,00;10,00;330,00;0,00;0,00;63,00;0,00;0,00;0,00;38,18;0,00;0,00;0,00;0,00;0,00;0,00;0,00;76,67;0,00;51,43;0,00;51,43;0,00;0,00;0,00;0,00;0,00;0,00;0,00
2021-06-13;8,00;8,00;8,00;0,00;32,00;0,00;0,00;128,00;0,00;0,00;0,00;32,00;72,00;56,00;0,00;0,00;200,00;0,00;0,00;88,00;28,00;0,00;0,00;53,33;0,00;0,00;8,00;0,00;0,00;0,00;0,00;48,00;0,00;62,00;6,00;20,00;0,00;0,00;0,00;0,00;0,00;0,00;0,00
2021-06-20;53,00;13,25;26,50;0,00;26,50;0,00;0,00;194,33;0,00;0,00;0,00;83,29;106,00;35,33;0,00;8,83;203,17;0,00;0,00;43,65;6,24;0,00;0,00;37,10;0,00;0,00;0,00;0,00;8,00;0,00;0,00;82,81;0,00;77,29;0,00;6,63;0,00;8,00;0,00;0,00;0,00;0,00;0,00
2021-06-27;46,00;0,00;23,00;0,00;69,00;0,00;11,50;230,00;0,00;0,00;0,00;99,67;84,33;110,40;0,00;9,20;230,00;0,00;0,00;36,80;6,13;0,00;0,00;58,78;0,00;0,00;15,00;0,00;0,00;0,00;6,57;52,57;0,00;61,33;0,00;61,33;0,00;0,00;0,00;0,00;0,00;0,00;0,00
2021-07-04;23,00;0,00;46,00;0,00;115,00;46,00;11,50;391,00;0,00;0,00;0,00;46,00;76,67;53,67;0,00;0,00;199,33;0,00;0,00;65,71;0,00;0,00;0,00;46,00;0,00;0,00;0,00;0,00;0,00;6,57;0,00;69,00;0,00;14,64;8,36;14,64;0,00;8,00;8,00;0,00;0,00;0,00;0,00
2021-07-11;24,00;0,00;24,00;0,00;48,00;12,00;12,00;360,00;0,00;0,00;8,00;40,00;120,00;64,00;0,00;24,00;192,00;9,00;0,00;75,00;9,00;0,00;0,00;72,00;0,00;0,00;0,00;0,00;0,00;0,00;0,00;106,29;0,00;54,55;0,00;15,27;0,00;0,00;8,00;0,00;0,00;0,00;0,00
2021-07-18;42,00;0,00;21,00;0,00;21,00;0,00;0,00;399,00;0,00;7,00;0,00;70,00;119,00;109,20;0,00;0,00;294,00;0,00;9,69;67,85;0,00;0,00;0,00;110,25;0,00;0,00;0,00;0,00;0,00;0,00;0,00;48,46;0,00;42,00;0,00;42,00;0,00;0,00;0,00;0,00;0,00;0,00;0,00
2021-07-25;25,00;12,50;12,50;12,50;175,00;0,00;0,00;500,00;0,00;0,00;0,00;141,67;141,67;91,67;0,00;0,00;358,33;0,00;0,00;65,63;9,38;0,00;8,33;61,11;8,33;0,00;8,00;0,00;0,00;0,00;0,00;114,29;0,00;68,18;0,00;25,00;0,00;16,00;0,00;0,00;0,00;0,00;0,00
2021-08-01;41,00;0,00;10,25;0,00;61,50;20,50;0,00;410,00;0,00;0,00;0,00;102,50;109,33;106,60;0,00;24,60;278,80;9,46;0,00;56,77;0,00;0,00;7,69;97,38;0,00;0,00;0,00;8,00;0,00;9,46;0,00;78,85;0,00;64,74;0,00;41,00;0,00;0,00;0,00;0,00;0,00;0,00;0,00
2021-08-08;50,00;12,50;25,00;0,00;100,00;0,00;0,00;266,67;0,00;0,00;0,00;100,00;64,29;116,67;0,00;8,33;358,33;0,00;9,38;115,63;0,00;0,00;0,00;92,11;0,00;0,00;0,00;0,00;0,00;0,00;0,00;93,33;0,00;100,00;0,00;50,00;0,00;8,00;0,00;0,00;0,00;0,00;0,00
2021-08-15;49,00;12,25;0,00;0,00;122,50;0,00;0,00;310,33;0,00;0,00;0,00;105,00;91,00;117,60;0,00;9,80;245,00;9,19;0,00;55,13;0,00;0,00;0,00;105,74;0,00;0,00;0,00;0,00;0,00;0,00;0,00;58,80;0,00;104,39;0,00;49,00;0,00;0,00;0,00;0,00;0,00;0,00;0,00
2021-08-22;9,00;0,00;0,00;0,00;54,00;18,00;0,00;270,00;0,00;0,00;0,00;153,00;117,00;117,00;0,00;9,00;378,00;0,00;0,00;75,00;0,00;0,00;21,00;120,00;0,00;0,00;0,00;0,00;0,00;0,00;0,00;39,00;9,00;72,00;0,00;45,00;0,00;17,00;9,00;0,00;0,00;0,00;0,00
2021-08-29;60,00;0,00;0,00;10,00;60,00;0,00;0,00;280,00;0,00;0,00;0,00;105,00;60,00;94,29;0,00;8,57;222,86;0,00;0,00;78,95;0,00;0,00;0,00;135,65;0,00;0,00;0,00;0,00;0,00;0,00;10,00;113,33;0,00;83,57;0,00;66,43;0,00;9,00;0,00;0,00;0,00;0,00;0,00
2021-09-05;35,00;0,00;0,00;0,00;140,00;0,00;0,00;210,00;0,00;0,00;0,00;91,00;42,00;70,00;8,75;17,50;245,00;0,00;0,00;70,00;0,00;0,00;0,00;99,62;18,85;0,00;0,00;0,00;0,00;9,55;0,00;66,82;0,00;35,00;0,00;61,25;0,00;9,00;0,00;0,00;0,00;0,00;0,00
2021-09-12;17,00;8,50;0,00;0,00;68,00;0,00;0,00;119,00;0,00;0,00;0,00;68,00;102,00;76,50;0,00;0,00;289,00;0,00;10,20;54,40;0,00;0,00;0,00;55,86;0,00;0,00;0,00;0,00;0,00;10,20;10,20;78,20;0,00;42,50;0,00;42,50;0,00;0,00;0,00;0,00;0,00;0,00;0,00
2021-09-19;9,00;9,00;18,00;0,00;54,00;0,00;0,00;234,00;0,00;0,00;0,00;90,00;153,00;99,00;0,00;0,00;279,00;0,00;9,00;66,00;0,00;0,00;0,00;21,00;0,00;0,00;0,00;0,00;9,00;0,00;9,00;87,00;0,00;27,00;0,00;36,00;0,00;9,00;0,00;0,00;0,00;0,00;0,00
2021-09-26;17,00;17,00;8,50;0,00;68,00;0,00;8,50;221,00;0,00;0,00;0,00;85,00;76,50;34,00;0,00;0,00;161,50;0,00;0,00;44,20;0,00;0,00;8,50;17,00;0,00;0,00;0,00;0,00;0,00;0,00;0,00;68,00;10,20;72,25;0,00;17,00;0,00;8,00;0,00;0,00;0,00;0,00;0,00
2021-10-03;25,00;12,50;12,50;12,50;175,00;25,00;0,00;225,00;12,50;0,00;0,00;43,75;56,25;108,33;0,00;16,67;233,33;9,38;0,00;50,00;0,00;0,00;0,00;65,00;7,50;0,00;0,00;0,00;0,00;0,00;0,00;96,88;0,00;47,92;0,00;16,67;0,00;0,00;0,00;0,00;0,00;0,00;0,00
2021-10-10;9,00;9,00;0,00;0,00;108,00;9,00;0,00;234,00;0,00;9,00;0,00;99,00;99,00;81,00;0,00;0,00;252,00;0,00;0,00;75,00;0,00;0,00;0,00;81,00;21,00;0,00;0,00;0,00;0,00;0,00;0,00;33,00;0,00;45,00;0,00;36,00;0,00;0,00;0,00;0,00;0,00;0,00;0,00
2021-10-17;42,00;21,00;10,50;0,00;105,00;10,50;0,00;231,00;10,50;7,00;0,00;63,00;56,00;92,40;0,00;8,40;168,00;0,00;0,00;81,00;0,00;0,00;0,00;34,13;7,88;0,00;0,00;0,00;0,00;0,00;0,00;116,31;0,00;25,20;0,00;16,80;0,00;0,00;0,00;0,00;0,00;0,00;0,00
2021-10-24;17,00;8,50;17,00;8,50;85,00;8,50;0,00;187,00;0,00;0,00;0,00;68,00;110,50;76,50;0,00;17,00;255,00;0,00;0,00;54,40;0,00;0,00;7,29;63,14;7,29;0,00;0,00;0,00;0,00;0,00;0,00;142,80;0,00;59,50;0,00;17,00;0,00;0,00;9,00;0,00;0,00;0,00;0,00
2021-10-31;26,00;26,00;13,00;13,00;260,00;13,00;0,00;338,00;0,00;0,00;0,00;97,50;130,00;156,00;0,00;8,67;242,67;0,00;16,25;169,00;0,00;0,00;7,80;52,00;33,80;0,00;0,00;0,00;0,00;0,00;0,00;84,50;0,00;75,83;0,00;43,33;0,00;0,00;0,00;0,00;0,00;0,00;0,00
2021-11-07;29,00;29,00;14,50;14,50;232,00;14,50;0,00;188,50;0,00;7,25;0,00;87,00;137,75;67,67;0,00;0,00;251,33;0,00;0,00;109,56;9,67;0,00;0,00;68,55;10,55;0,00;0,00;0,00;0,00;0,00;9,67;58,00;9,67;29,00;0,00;40,15;0,00;10,00;0,00;0,00;0,00;0,00;0,00
